Unnamed: 0,checking_status,duration,credit_history,purpose,credit_amount,savings_status,employment,installment_commitment,personal_status,other_parties,residence_since,property_magnitude,age,other_payment_plans,housing,existing_credits,job,num_dependents,own_telephone,foreign_worker,class
0,1,6.0,1,0,1169.0,1,1,4.0,0,0,4.0,1,67.0,0,0,2.0,0,1.0,1,0,1
1,2,48.0,0,0,5951.0,0,0,2.0,1,0,2.0,1,22.0,0,0,1.0,0,1.0,0,0,0
2,0,12.0,1,5,2096.0,0,2,2.0,0,0,3.0,1,49.0,0,0,1.0,1,2.0,0,0,1
3,1,42.0,0,2,7882.0,0,2,2.0,0,1,4.0,2,45.0,0,2,1.0,0,2.0,0,0,1
4,1,24.0,2,1,4870.0,0,0,3.0,0,0,4.0,3,53.0,0,2,2.0,0,2.0,0,0,0
5,0,36.0,0,5,9055.0,1,0,2.0,0,0,4.0,3,35.0,0,2,1.0,1,2.0,1,0,1
6,0,24.0,0,2,2835.0,3,1,3.0,0,0,4.0,2,53.0,0,0,1.0,0,1.0,0,0,1
7,2,36.0,0,3,6948.0,0,0,2.0,0,0,2.0,0,35.0,0,1,1.0,2,1.0,1,0,1
8,0,12.0,0,0,3059.0,4,2,2.0,3,0,4.0,1,61.0,0,0,1.0,1,1.0,0,0,1
9,2,30.0,1,1,5234.0,0,4,4.0,2,0,2.0,0,28.0,0,0,2.0,2,1.0,0,0,0
10,2,12.0,0,1,1295.0,0,3,3.0,1,0,1.0,0,25.0,0,1,1.0,0,1.0,0,0,0
11,1,48.0,0,4,4308.0,0,3,3.0,1,0,4.0,2,24.0,0,1,1.0,0,1.0,0,0,0
12,2,12.0,0,0,1567.0,0,0,1.0,1,0,1.0,0,22.0,0,0,1.0,0,1.0,1,0,1
13,1,24.0,1,1,1199.0,0,1,4.0,0,0,4.0,0,60.0,0,0,2.0,1,1.0,0,0,0
14,1,15.0,0,1,1403.0,0,0,2.0,1,0,4.0,0,28.0,0,1,1.0,0,1.0,0,0,1
15,1,24.0,0,0,1282.0,2,0,4.0,1,0,2.0,0,32.0,0,0,1.0,1,1.0,0,0,0
16,0,24.0,1,0,2424.0,1,1,4.0,0,0,4.0,2,53.0,0,0,2.0,0,1.0,0,0,1
17,1,30.0,4,4,8072.0,1,3,2.0,0,0,3.0,0,25.0,1,0,3.0,0,1.0,0,0,1
18,2,24.0,0,3,12579.0,0,1,4.0,1,0,2.0,3,44.0,0,2,1.0,2,1.0,1,0,0
19,0,24.0,0,0,3430.0,3,1,3.0,0,0,2.0,0,31.0,0,0,1.0,0,2.0,1,0,1
20,0,9.0,1,1,2134.0,0,0,4.0,0,0,4.0,0,48.0,0,0,3.0,0,1.0,1,0,1
21,1,6.0,0,0,2647.0,3,0,2.0,0,0,3.0,1,44.0,0,1,1.0,0,2.0,0,0,1
22,1,10.0,1,1,2241.0,0,3,1.0,0,0,3.0,1,48.0,0,1,2.0,1,2.0,0,1,1
23,2,12.0,1,3,1804.0,2,3,3.0,0,0,4.0,2,44.0,0,0,1.0,0,1.0,0,0,1
24,0,10.0,1,2,2069.0,1,0,2.0,2,0,1.0,0,26.0,0,0,2.0,0,1.0,0,1,1
25,1,6.0,0,2,1374.0,0,0,1.0,0,0,2.0,1,36.0,1,0,1.0,1,1.0,1,0,1
26,0,6.0,4,0,426.0,0,1,4.0,2,0,4.0,0,39.0,0,0,1.0,1,1.0,0,0,1
27,3,12.0,3,0,409.0,4,0,3.0,1,0,3.0,1,42.0,0,1,2.0,0,1.0,0,0,1
28,2,7.0,0,0,2415.0,0,0,3.0,0,1,2.0,1,34.0,0,0,1.0,0,1.0,0,0,1
29,1,60.0,2,4,6836.0,0,1,3.0,0,0,4.0,3,63.0,0,0,2.0,0,1.0,1,0,0
30,2,18.0,0,4,1913.0,4,3,3.0,2,0,3.0,1,36.0,1,0,1.0,0,1.0,1,0,1
31,1,24.0,0,2,4020.0,0,0,2.0,0,0,2.0,0,27.0,2,0,1.0,0,1.0,0,0,1
32,2,18.0,0,1,5866.0,2,0,2.0,0,0,2.0,0,30.0,0,0,2.0,0,1.0,1,0,1
33,0,12.0,1,4,1264.0,1,1,4.0,0,0,4.0,3,57.0,0,1,1.0,1,1.0,0,0,1
34,3,12.0,0,2,1474.0,0,3,4.0,1,0,1.0,2,33.0,1,0,1.0,2,1.0,1,0,1
35,2,45.0,1,0,4746.0,0,3,4.0,0,0,2.0,2,25.0,0,0,2.0,1,1.0,0,0,0
36,0,48.0,1,5,6110.0,0,0,1.0,0,0,3.0,3,31.0,1,2,1.0,0,1.0,1,0,1
37,3,18.0,0,0,2100.0,0,0,4.0,0,2,2.0,1,37.0,2,0,1.0,0,1.0,0,0,0
38,3,10.0,0,7,1225.0,0,0,2.0,0,0,2.0,0,37.0,0,0,1.0,0,1.0,1,0,1
39,2,9.0,0,0,458.0,0,0,4.0,0,0,3.0,1,24.0,0,0,1.0,0,1.0,0,0,1
40,0,30.0,0,0,2333.0,3,1,4.0,0,0,2.0,0,30.0,1,0,1.0,2,1.0,0,0,1
41,2,12.0,0,0,1158.0,3,0,3.0,3,0,1.0,0,26.0,0,0,1.0,0,1.0,1,0,1
42,2,18.0,2,6,6204.0,0,0,2.0,0,0,4.0,1,44.0,0,0,1.0,1,2.0,1,0,1
43,1,30.0,1,3,6187.0,2,2,1.0,2,0,4.0,0,24.0,0,1,2.0,0,1.0,0,0,1
44,1,48.0,1,3,6143.0,0,1,4.0,1,0,4.0,3,58.0,2,2,2.0,1,1.0,0,0,0
45,0,11.0,1,1,1393.0,0,3,4.0,1,0,4.0,0,35.0,0,0,2.0,2,1.0,0,0,1
46,0,36.0,0,0,2299.0,3,1,4.0,0,0,4.0,0,39.0,0,0,1.0,0,1.0,0,0,1
47,1,6.0,0,3,1352.0,3,4,1.0,1,0,2.0,2,23.0,0,1,1.0,3,1.0,1,0,1
48,0,11.0,1,1,7228.0,0,0,1.0,0,0,4.0,2,39.0,0,0,2.0,1,1.0,0,0,1
49,0,12.0,0,0,2073.0,2,0,4.0,1,2,2.0,1,28.0,0,0,1.0,0,1.0,0,0,1
50,2,24.0,2,2,2333.0,1,3,4.0,0,0,2.0,2,29.0,1,0,1.0,1,1.0,0,0,1
51,2,27.0,2,3,5965.0,0,1,1.0,0,0,2.0,0,30.0,0,0,2.0,2,1.0,1,0,1
52,0,12.0,0,0,1262.0,0,0,3.0,0,0,2.0,0,25.0,0,0,1.0,0,1.0,0,0,1
53,0,18.0,0,3,3378.0,1,0,2.0,0,0,1.0,2,31.0,0,0,1.0,0,1.0,1,0,1
54,2,36.0,2,1,2225.0,0,1,4.0,0,0,4.0,3,57.0,1,2,2.0,0,1.0,1,0,0
55,0,6.0,3,1,783.0,1,0,1.0,0,1,2.0,1,26.0,2,0,1.0,1,2.0,0,0,1
56,2,12.0,0,0,6468.0,1,4,2.0,0,0,1.0,3,52.0,0,0,1.0,2,1.0,1,0,0
57,0,36.0,1,0,9566.0,0,0,2.0,1,0,2.0,0,31.0,2,0,2.0,0,1.0,0,0,1
58,3,18.0,0,1,1961.0,0,1,3.0,1,0,2.0,0,23.0,0,0,1.0,2,1.0,0,0,1
59,1,36.0,1,2,6229.0,0,3,4.0,1,2,4.0,3,23.0,0,1,2.0,1,1.0,1,0,0
60,2,9.0,0,4,1391.0,0,0,2.0,2,0,1.0,1,27.0,1,0,1.0,0,1.0,1,0,1
61,2,15.0,1,0,1537.0,1,1,4.0,0,1,4.0,1,50.0,0,0,2.0,0,1.0,1,0,1
62,2,36.0,4,4,1953.0,0,1,4.0,0,0,4.0,3,61.0,0,2,1.0,2,1.0,1,0,0
63,2,48.0,4,4,14421.0,0,0,2.0,0,0,2.0,0,25.0,0,0,1.0,0,1.0,1,0,0
64,0,24.0,0,0,3181.0,0,3,4.0,1,0,4.0,2,26.0,0,0,1.0,0,1.0,1,0,1
65,0,27.0,0,6,5190.0,1,1,4.0,0,0,4.0,2,48.0,0,0,4.0,0,2.0,1,0,1
66,0,12.0,0,0,2171.0,0,3,2.0,1,0,2.0,0,29.0,1,0,1.0,0,1.0,0,0,1
67,2,12.0,0,1,1007.0,4,0,4.0,2,0,1.0,1,22.0,0,0,1.0,0,1.0,0,0,1
68,0,36.0,0,5,1819.0,0,0,4.0,0,0,4.0,3,37.0,2,2,1.0,0,1.0,1,0,0
69,0,36.0,0,0,2394.0,1,0,4.0,1,0,4.0,0,25.0,0,0,1.0,0,1.0,0,0,1
70,0,36.0,0,3,8133.0,0,0,1.0,1,0,2.0,2,30.0,1,0,1.0,0,1.0,0,0,1
71,0,7.0,1,0,730.0,1,1,4.0,0,0,2.0,2,46.0,0,1,2.0,1,1.0,1,0,1
72,1,8.0,1,8,1164.0,0,1,3.0,0,0,4.0,3,51.0,1,2,2.0,2,2.0,1,0,1
73,2,42.0,1,4,5954.0,0,2,2.0,1,0,1.0,1,41.0,1,0,2.0,1,1.0,0,0,1
74,1,36.0,0,5,1977.0,1,1,4.0,0,0,4.0,3,40.0,0,0,1.0,2,1.0,1,0,0
75,1,12.0,1,3,1526.0,0,1,4.0,0,0,4.0,3,66.0,0,2,2.0,2,1.0,0,0,1
76,1,42.0,0,0,3965.0,0,3,4.0,0,0,3.0,0,34.0,0,0,1.0,0,1.0,0,0,0
77,2,11.0,2,0,4771.0,0,2,2.0,0,0,4.0,2,51.0,0,0,1.0,0,1.0,0,0,1
78,0,54.0,4,3,9436.0,1,0,2.0,0,0,2.0,2,39.0,0,0,1.0,1,2.0,0,0,1
79,2,30.0,0,2,3832.0,0,3,2.0,2,0,1.0,2,22.0,0,0,1.0,0,1.0,0,0,1
80,0,24.0,0,0,5943.0,1,3,1.0,1,0,1.0,0,44.0,0,0,2.0,0,1.0,1,0,0
81,0,15.0,0,0,1213.0,3,1,4.0,0,0,3.0,2,47.0,2,0,1.0,0,1.0,1,0,1
82,0,18.0,0,4,1568.0,2,0,3.0,1,0,4.0,2,24.0,0,1,1.0,1,1.0,0,0,1
83,1,24.0,0,8,1755.0,0,1,4.0,1,1,4.0,1,58.0,0,0,1.0,1,1.0,1,0,1
84,1,10.0,0,0,2315.0,0,1,3.0,0,0,4.0,1,52.0,0,0,1.0,1,1.0,0,0,1
85,0,12.0,1,4,1412.0,0,0,4.0,1,1,2.0,1,29.0,0,0,2.0,2,1.0,1,0,1
86,2,18.0,1,2,1295.0,0,3,4.0,1,0,1.0,2,27.0,0,0,2.0,0,1.0,0,0,1
87,2,36.0,0,5,12612.0,2,0,1.0,0,0,4.0,3,47.0,0,2,1.0,0,2.0,1,0,0
88,1,18.0,0,1,2249.0,2,2,4.0,0,0,3.0,0,30.0,0,0,1.0,2,2.0,1,0,1
89,1,12.0,4,6,1108.0,0,2,4.0,0,0,3.0,1,28.0,0,0,2.0,0,1.0,0,0,0
90,0,12.0,1,0,618.0,0,1,4.0,0,0,4.0,1,56.0,0,0,1.0,0,1.0,0,0,1
91,1,12.0,1,3,1409.0,0,1,4.0,0,0,3.0,1,54.0,0,0,1.0,0,1.0,0,0,1
92,0,12.0,1,0,797.0,1,1,4.0,1,0,3.0,2,33.0,1,0,1.0,1,2.0,0,0,0
93,3,24.0,1,2,3617.0,1,1,4.0,0,2,4.0,3,20.0,0,1,2.0,0,1.0,0,0,1
94,2,12.0,0,1,1318.0,4,1,4.0,0,0,4.0,1,54.0,0,0,1.0,0,1.0,1,0,1
95,2,54.0,4,4,15945.0,0,3,3.0,0,0,4.0,3,58.0,0,1,1.0,0,1.0,1,0,0
96,0,12.0,1,5,2012.0,1,2,4.0,1,0,2.0,0,61.0,0,0,1.0,0,1.0,0,0,1
97,2,18.0,0,4,2622.0,2,0,4.0,0,0,4.0,0,34.0,0,0,1.0,0,1.0,0,0,1
98,2,36.0,1,0,2337.0,0,1,4.0,0,0,4.0,1,36.0,0,0,1.0,0,1.0,0,0,1
99,2,20.0,2,3,7057.0,1,2,3.0,0,0,4.0,2,36.0,1,1,2.0,2,2.0,1,0,1
100,0,24.0,0,1,1469.0,2,1,4.0,2,0,4.0,1,41.0,0,1,1.0,1,1.0,0,0,1
101,2,36.0,0,0,2323.0,0,2,4.0,0,0,4.0,0,24.0,0,1,1.0,0,1.0,0,0,1
102,0,6.0,2,0,932.0,0,0,3.0,1,0,2.0,1,24.0,0,0,1.0,0,1.0,0,0,1
103,2,9.0,1,2,1919.0,0,2,4.0,0,0,3.0,0,35.0,0,1,1.0,0,1.0,1,0,1
104,0,12.0,0,3,2445.0,1,3,2.0,2,0,4.0,0,26.0,0,1,1.0,0,1.0,1,0,1
105,2,24.0,1,8,11938.0,0,0,2.0,0,2,3.0,0,39.0,0,0,2.0,2,2.0,1,0,0
106,0,18.0,3,1,6458.0,0,1,2.0,0,0,4.0,3,39.0,1,0,2.0,2,2.0,1,0,0
107,2,12.0,0,1,6078.0,0,2,2.0,0,0,2.0,0,32.0,0,0,1.0,0,1.0,0,0,1
108,1,24.0,0,2,7721.0,1,3,1.0,1,0,2.0,2,30.0,0,0,1.0,0,1.0,1,1,1
109,2,14.0,0,4,1410.0,3,1,1.0,2,0,2.0,1,35.0,0,0,1.0,0,1.0,1,0,1
110,2,6.0,2,4,1449.0,2,1,1.0,3,0,2.0,0,31.0,1,0,2.0,0,2.0,0,0,1
111,3,15.0,0,5,392.0,0,3,4.0,1,0,4.0,2,23.0,0,1,1.0,0,1.0,1,0,1
112,2,18.0,0,1,6260.0,0,2,3.0,0,0,3.0,1,28.0,0,1,1.0,1,1.0,0,0,1
113,0,36.0,1,1,7855.0,0,0,4.0,1,0,2.0,1,25.0,2,0,2.0,0,1.0,1,0,0
114,1,12.0,0,0,1680.0,3,1,3.0,2,0,1.0,1,35.0,0,0,1.0,0,1.0,0,0,1
115,0,48.0,1,0,3578.0,1,1,4.0,0,0,1.0,1,47.0,0,0,1.0,0,1.0,1,0,1
116,1,42.0,0,0,7174.0,1,2,4.0,1,0,3.0,0,30.0,0,0,1.0,2,1.0,1,0,0
117,1,10.0,1,2,2132.0,1,3,2.0,1,2,3.0,1,27.0,0,1,2.0,0,1.0,0,1,1
118,1,33.0,1,2,4281.0,3,0,1.0,1,0,4.0,0,23.0,0,0,2.0,0,1.0,0,0,0
119,2,12.0,1,1,2366.0,3,2,3.0,3,0,3.0,0,36.0,0,0,1.0,2,1.0,1,0,1
120,1,21.0,0,0,1835.0,0,0,3.0,1,0,2.0,1,25.0,0,0,2.0,0,1.0,1,0,0
121,0,24.0,1,3,3868.0,0,1,4.0,1,0,2.0,0,41.0,0,1,2.0,2,1.0,1,0,1
122,0,12.0,0,2,1768.0,0,0,3.0,0,0,2.0,1,24.0,0,1,1.0,1,1.0,0,0,1
123,3,10.0,1,1,781.0,0,1,4.0,0,0,4.0,3,63.0,0,2,2.0,0,1.0,1,0,1
124,2,18.0,0,2,1924.0,1,3,4.0,1,0,3.0,1,27.0,0,1,1.0,0,1.0,0,0,0
125,1,12.0,1,1,2121.0,0,0,4.0,0,0,2.0,2,30.0,0,0,2.0,0,1.0,0,0,1
126,1,12.0,0,0,701.0,0,0,4.0,2,0,2.0,1,40.0,0,0,1.0,1,1.0,0,0,1
127,2,12.0,0,6,639.0,0,0,4.0,0,0,2.0,0,30.0,0,0,1.0,0,1.0,0,0,0
128,2,12.0,1,3,1860.0,0,4,4.0,0,0,2.0,0,34.0,0,0,2.0,2,1.0,1,0,1
129,1,12.0,1,1,3499.0,0,0,3.0,1,2,2.0,1,29.0,0,0,2.0,0,1.0,0,0,0
130,2,48.0,0,1,8487.0,1,2,1.0,1,0,2.0,0,24.0,0,0,1.0,0,1.0,0,0,1
131,1,36.0,2,5,6887.0,0,0,4.0,0,0,3.0,2,29.0,2,0,1.0,0,1.0,1,0,0
132,0,15.0,0,2,2708.0,0,3,2.0,0,0,3.0,2,27.0,1,0,2.0,1,1.0,0,0,1
133,0,18.0,0,2,1984.0,0,0,4.0,0,0,4.0,3,47.0,1,2,2.0,0,1.0,0,0,1
134,0,60.0,0,0,10144.0,2,2,2.0,1,0,4.0,1,21.0,0,0,1.0,0,1.0,1,0,1
135,0,12.0,1,0,1240.0,1,1,4.0,1,0,2.0,1,38.0,0,0,2.0,0,1.0,1,0,1
136,0,27.0,2,3,8613.0,4,0,2.0,0,0,2.0,0,27.0,0,0,2.0,0,1.0,0,0,1
137,2,12.0,0,0,766.0,3,0,4.0,0,0,3.0,1,66.0,0,0,1.0,1,1.0,0,0,0
138,2,15.0,1,0,2728.0,1,2,4.0,0,1,2.0,1,35.0,1,0,3.0,0,1.0,1,0,1
139,3,12.0,0,0,1881.0,0,0,2.0,1,0,2.0,0,44.0,0,1,1.0,1,1.0,1,0,1
140,3,6.0,0,1,709.0,4,3,2.0,2,0,2.0,1,27.0,0,0,1.0,3,1.0,0,1,1
141,2,36.0,0,0,4795.0,0,3,4.0,1,0,1.0,3,30.0,0,0,1.0,2,1.0,1,0,1
142,1,27.0,0,0,3416.0,0,0,3.0,0,0,2.0,0,27.0,0,0,1.0,2,1.0,0,0,1
143,1,18.0,0,2,2462.0,0,0,2.0,0,0,2.0,0,22.0,0,0,1.0,0,1.0,0,0,0
144,0,21.0,1,2,2288.0,0,3,4.0,1,0,4.0,2,23.0,0,0,1.0,0,1.0,1,0,1
145,2,48.0,3,4,3566.0,2,2,4.0,0,0,2.0,0,30.0,0,0,1.0,0,1.0,0,0,1
146,1,6.0,1,1,860.0,0,1,1.0,1,0,4.0,3,39.0,0,0,2.0,0,1.0,1,0,1
147,0,12.0,1,1,682.0,2,2,4.0,1,0,3.0,0,51.0,0,0,2.0,0,1.0,1,0,1
148,1,36.0,1,2,5371.0,0,0,3.0,0,1,2.0,2,28.0,0,0,2.0,0,1.0,0,0,1
149,0,18.0,1,0,1582.0,4,1,4.0,0,0,4.0,0,46.0,0,0,2.0,0,1.0,0,0,1
150,0,6.0,0,0,1346.0,2,1,2.0,0,0,4.0,3,42.0,1,2,1.0,0,2.0,1,0,1
151,0,10.0,0,0,1924.0,0,0,1.0,0,0,4.0,2,38.0,0,0,1.0,0,1.0,1,1,1
152,3,36.0,0,0,5848.0,0,0,4.0,0,0,1.0,0,24.0,0,0,1.0,0,1.0,0,0,1
153,2,24.0,1,3,7758.0,4,1,2.0,1,0,4.0,3,29.0,0,1,1.0,0,1.0,0,0,1
154,2,24.0,2,4,6967.0,2,2,4.0,0,0,4.0,0,36.0,0,1,1.0,2,1.0,1,0,1
155,1,12.0,0,2,1282.0,0,0,2.0,1,0,4.0,0,20.0,0,1,1.0,0,1.0,0,0,0
156,1,9.0,1,6,1288.0,2,1,3.0,0,1,4.0,1,48.0,0,0,2.0,0,2.0,0,1,1
157,1,12.0,3,9,339.0,0,1,4.0,2,0,1.0,0,45.0,1,0,1.0,1,1.0,0,0,1
158,2,24.0,0,1,3512.0,2,2,2.0,0,0,3.0,0,38.0,1,0,2.0,0,1.0,1,0,1
159,0,6.0,1,0,1898.0,1,0,1.0,0,0,2.0,1,34.0,0,0,2.0,1,2.0,0,0,1
160,0,24.0,1,0,2872.0,2,1,3.0,0,0,4.0,1,36.0,0,0,1.0,0,2.0,1,0,1
161,0,18.0,1,1,1055.0,0,3,4.0,1,0,1.0,2,30.0,0,0,2.0,0,1.0,0,0,1
162,0,15.0,0,7,1262.0,3,2,4.0,0,0,3.0,2,36.0,0,0,2.0,0,1.0,1,0,1
163,2,10.0,0,1,7308.0,0,4,2.0,0,0,4.0,3,70.0,1,2,1.0,2,1.0,1,0,1
164,0,36.0,0,1,909.0,3,1,4.0,0,0,4.0,2,36.0,0,0,1.0,0,1.0,0,0,1
165,0,6.0,0,2,2978.0,3,0,1.0,0,0,2.0,0,32.0,0,0,1.0,0,1.0,1,0,1
166,1,18.0,0,2,1131.0,0,4,4.0,1,0,2.0,0,33.0,0,0,1.0,0,1.0,0,0,0
167,2,11.0,0,2,1577.0,4,3,4.0,1,0,1.0,1,20.0,0,0,1.0,0,1.0,0,0,1
168,0,24.0,0,2,3972.0,0,2,2.0,1,0,4.0,2,25.0,0,1,1.0,0,1.0,1,0,1
169,2,24.0,1,4,1935.0,0,1,4.0,3,0,4.0,1,31.0,0,0,2.0,0,1.0,1,0,0
170,1,15.0,4,1,950.0,0,1,4.0,0,0,3.0,0,33.0,0,1,2.0,0,2.0,0,0,0
171,0,12.0,0,2,763.0,0,0,4.0,1,0,1.0,1,26.0,0,0,1.0,0,1.0,1,0,1
172,2,24.0,2,2,2064.0,0,4,3.0,1,0,2.0,2,34.0,0,0,1.0,2,1.0,1,0,0
173,2,8.0,0,0,1414.0,0,0,4.0,0,1,2.0,1,33.0,0,0,1.0,0,1.0,0,1,1
174,1,21.0,2,5,3414.0,0,3,2.0,0,0,1.0,2,26.0,0,0,2.0,0,1.0,0,0,0
175,0,30.0,3,3,7485.0,1,4,4.0,1,0,1.0,1,53.0,1,0,1.0,2,1.0,1,0,0
176,1,12.0,0,2,2577.0,0,0,2.0,3,0,1.0,0,42.0,0,0,1.0,0,1.0,0,0,1
177,1,6.0,1,0,338.0,3,1,4.0,0,0,4.0,0,52.0,0,0,2.0,0,1.0,0,0,1
178,0,12.0,0,0,1963.0,0,2,4.0,0,0,2.0,0,31.0,0,1,2.0,2,2.0,1,0,1
179,1,21.0,1,1,571.0,0,1,4.0,0,0,4.0,1,65.0,0,0,2.0,0,1.0,0,0,1
180,0,36.0,2,4,9572.0,0,3,1.0,3,0,1.0,0,28.0,0,0,2.0,0,1.0,0,0,0
181,2,36.0,2,4,4455.0,0,0,2.0,3,0,2.0,1,30.0,2,0,2.0,2,1.0,1,0,0
182,1,21.0,3,1,1647.0,1,0,4.0,0,0,2.0,2,40.0,0,0,2.0,1,2.0,0,0,0
183,0,24.0,1,2,3777.0,4,0,4.0,0,0,4.0,1,50.0,0,0,1.0,0,1.0,1,0,1
184,2,18.0,1,1,884.0,0,1,4.0,0,0,4.0,0,36.0,1,0,1.0,0,2.0,1,0,0
185,0,15.0,1,0,1360.0,0,0,4.0,0,0,2.0,2,31.0,0,0,2.0,0,1.0,0,0,1
186,2,9.0,3,3,5129.0,0,1,2.0,1,0,4.0,3,74.0,1,2,1.0,2,2.0,1,0,0
187,2,16.0,1,1,1175.0,0,4,2.0,0,0,3.0,0,68.0,0,2,3.0,3,1.0,1,0,1
188,1,12.0,0,0,674.0,2,2,4.0,2,0,1.0,2,20.0,0,0,1.0,0,1.0,0,0,0
189,2,18.0,4,2,3244.0,0,0,1.0,1,0,4.0,0,33.0,1,0,2.0,0,1.0,1,0,1
190,0,24.0,0,4,4591.0,4,0,2.0,0,0,3.0,2,54.0,0,0,3.0,2,1.0,1,0,0
191,2,48.0,4,4,3844.0,2,2,4.0,0,0,4.0,3,34.0,0,2,1.0,1,2.0,0,0,0
192,2,27.0,0,4,3915.0,0,0,4.0,0,0,2.0,0,36.0,0,0,1.0,0,2.0,1,0,0
193,0,6.0,0,0,2108.0,0,2,2.0,2,0,2.0,1,29.0,0,1,1.0,0,1.0,0,0,1
194,2,45.0,0,0,3031.0,2,0,4.0,0,1,4.0,2,21.0,0,1,1.0,0,1.0,0,0,0
195,2,9.0,1,5,1501.0,0,1,2.0,1,0,3.0,0,34.0,0,0,2.0,2,1.0,1,0,0
196,0,6.0,1,0,1382.0,0,0,1.0,1,0,1.0,0,28.0,0,0,2.0,0,1.0,1,0,1
197,2,12.0,0,2,951.0,2,3,4.0,1,0,4.0,0,27.0,1,1,4.0,0,1.0,0,0,0
198,2,24.0,0,3,2760.0,1,1,4.0,0,0,4.0,3,36.0,1,2,1.0,0,1.0,1,0,1
199,2,18.0,2,2,4297.0,0,1,4.0,3,0,3.0,3,40.0,0,0,1.0,2,1.0,1,0,0
200,0,9.0,1,5,936.0,3,1,4.0,0,0,2.0,0,52.0,0,0,2.0,0,1.0,1,0,1
201,1,12.0,0,1,1168.0,0,0,4.0,2,0,3.0,1,27.0,0,0,1.0,1,1.0,0,0,1
202,0,27.0,2,4,5117.0,0,2,3.0,0,0,4.0,0,26.0,0,0,2.0,0,1.0,0,0,1
203,1,12.0,0,9,902.0,0,2,4.0,2,0,4.0,2,21.0,0,1,1.0,0,1.0,0,0,0
204,0,12.0,1,1,1495.0,0,1,4.0,0,0,1.0,1,38.0,0,0,2.0,1,2.0,0,0,1
205,1,30.0,1,3,10623.0,0,1,3.0,0,0,4.0,3,38.0,0,2,3.0,2,2.0,1,0,1
206,0,12.0,1,2,1935.0,0,1,4.0,0,0,4.0,1,43.0,0,0,3.0,0,1.0,1,0,1
207,2,12.0,1,7,1424.0,0,2,4.0,0,0,3.0,2,26.0,0,0,1.0,0,1.0,0,0,1
208,1,24.0,0,4,6568.0,0,0,2.0,2,0,2.0,0,21.0,2,0,1.0,1,1.0,0,0,1
209,0,12.0,0,3,1413.0,4,2,3.0,0,0,2.0,2,55.0,0,0,1.0,0,1.0,0,1,1
210,0,9.0,1,0,3074.0,1,0,1.0,0,0,2.0,1,33.0,0,0,2.0,0,2.0,0,0,1
211,0,36.0,0,0,3835.0,1,1,2.0,1,0,4.0,1,45.0,0,0,1.0,1,1.0,1,0,1
212,1,27.0,4,4,5293.0,0,4,2.0,0,0,4.0,2,50.0,2,0,2.0,0,1.0,1,0,0
213,3,30.0,2,4,1908.0,0,1,4.0,0,0,4.0,1,66.0,0,0,1.0,2,1.0,1,0,0
214,0,36.0,1,0,3342.0,1,1,4.0,0,0,2.0,0,51.0,0,0,1.0,0,1.0,1,0,1
215,2,6.0,1,9,932.0,1,2,1.0,1,0,3.0,2,39.0,0,0,2.0,1,1.0,0,0,1
216,1,18.0,4,4,3104.0,0,2,3.0,0,0,1.0,2,31.0,1,0,1.0,0,1.0,1,0,1
217,3,36.0,0,0,3913.0,0,0,2.0,0,0,2.0,1,23.0,0,0,1.0,0,1.0,1,0,1
218,1,24.0,0,2,3021.0,0,0,2.0,3,0,2.0,1,24.0,0,1,1.0,1,1.0,0,0,1
219,0,10.0,0,1,1364.0,0,0,2.0,1,0,4.0,0,64.0,0,0,1.0,0,1.0,1,0,1
220,2,12.0,0,0,625.0,0,3,4.0,2,1,1.0,1,26.0,1,0,1.0,1,1.0,0,0,1
221,1,12.0,0,5,1200.0,1,0,4.0,1,0,4.0,2,23.0,1,1,1.0,0,1.0,1,0,1
222,0,12.0,0,0,707.0,0,0,4.0,0,0,2.0,1,30.0,1,0,2.0,0,1.0,0,0,1
223,0,24.0,2,4,2978.0,1,0,4.0,0,0,4.0,1,32.0,0,0,2.0,0,2.0,1,0,1
224,0,15.0,0,3,4657.0,0,0,3.0,0,0,2.0,0,30.0,0,0,1.0,0,1.0,1,0,1
225,0,36.0,4,6,2613.0,0,0,4.0,0,0,2.0,0,27.0,0,0,2.0,0,1.0,0,0,1
226,2,48.0,0,0,10961.0,4,2,1.0,0,2,2.0,3,27.0,1,0,2.0,0,1.0,1,0,0
227,1,12.0,0,2,7865.0,0,1,4.0,0,0,4.0,3,53.0,0,2,1.0,2,1.0,1,0,0
228,0,9.0,0,0,1478.0,0,2,4.0,0,0,2.0,0,22.0,0,0,1.0,0,1.0,0,0,0
229,1,24.0,0,2,3149.0,0,3,4.0,0,0,1.0,3,22.0,1,2,1.0,0,1.0,0,0,1
230,3,36.0,0,0,4210.0,0,0,4.0,0,0,2.0,0,26.0,0,0,1.0,0,1.0,0,0,0
231,0,9.0,0,1,2507.0,3,1,2.0,0,0,4.0,3,51.0,0,2,1.0,1,1.0,0,0,1
232,0,12.0,0,0,2141.0,2,2,3.0,0,0,1.0,3,35.0,0,0,1.0,0,1.0,0,0,1
233,2,18.0,0,0,866.0,0,0,4.0,2,1,2.0,1,25.0,0,0,1.0,1,1.0,0,0,1
234,0,4.0,1,0,1544.0,0,2,2.0,0,0,1.0,1,42.0,0,0,3.0,1,2.0,0,0,1
235,1,24.0,0,0,1823.0,0,4,4.0,0,0,2.0,0,30.0,2,0,1.0,2,2.0,0,0,0
236,2,6.0,0,1,14555.0,1,4,1.0,0,0,2.0,2,23.0,0,0,1.0,3,1.0,1,0,0
237,2,21.0,0,4,2767.0,2,1,4.0,3,0,2.0,0,61.0,1,1,2.0,1,1.0,0,0,0
238,0,12.0,1,0,1291.0,0,0,4.0,1,0,2.0,2,35.0,0,0,2.0,0,1.0,0,0,1
239,1,30.0,0,0,2522.0,0,1,1.0,0,1,3.0,2,39.0,0,0,1.0,0,2.0,0,0,1
240,1,24.0,0,1,915.0,1,1,4.0,1,0,2.0,0,29.0,1,0,1.0,0,1.0,0,0,0
241,0,6.0,0,0,1595.0,0,2,3.0,0,0,2.0,2,51.0,0,0,1.0,0,2.0,0,0,1
242,1,48.0,4,3,4605.0,0,1,3.0,0,0,4.0,3,24.0,0,2,2.0,0,2.0,0,0,0
243,0,12.0,1,4,1185.0,0,0,3.0,1,0,2.0,1,27.0,0,0,2.0,0,1.0,0,0,1
244,0,12.0,3,9,3447.0,3,0,4.0,1,0,3.0,1,35.0,0,0,1.0,1,2.0,0,0,1
245,0,24.0,0,4,1258.0,0,2,4.0,0,0,1.0,1,25.0,0,0,1.0,0,1.0,1,0,1
246,0,12.0,1,0,717.0,0,1,4.0,0,0,4.0,1,52.0,0,0,3.0,0,1.0,0,0,1
247,0,6.0,4,1,1204.0,2,0,4.0,0,0,1.0,3,35.0,1,1,1.0,0,1.0,0,1,1
248,3,24.0,0,2,1925.0,0,0,2.0,0,0,2.0,1,26.0,0,0,1.0,0,1.0,0,0,1
249,0,18.0,0,0,433.0,0,4,3.0,1,2,4.0,1,22.0,0,1,1.0,0,1.0,0,0,0
250,1,6.0,1,1,666.0,4,2,3.0,1,0,4.0,1,39.0,0,0,2.0,1,1.0,1,0,1
251,3,12.0,0,2,2251.0,0,0,1.0,1,0,2.0,0,46.0,0,0,1.0,1,1.0,0,0,1
252,2,30.0,0,1,2150.0,0,0,4.0,1,1,2.0,3,24.0,1,0,1.0,0,1.0,0,0,0
253,0,24.0,2,2,4151.0,2,0,2.0,0,0,3.0,2,35.0,0,0,2.0,0,1.0,0,0,1
254,2,9.0,0,2,2030.0,1,2,2.0,0,0,1.0,0,24.0,0,0,1.0,0,1.0,1,0,1
255,2,60.0,2,0,7418.0,1,0,1.0,0,0,1.0,1,27.0,0,0,1.0,1,1.0,0,0,1
256,0,24.0,1,0,2684.0,0,0,4.0,0,0,2.0,1,35.0,0,0,2.0,1,1.0,0,0,1
257,1,12.0,3,0,2149.0,0,0,4.0,3,0,1.0,3,29.0,0,2,1.0,0,1.0,0,0,0
258,0,15.0,0,3,3812.0,2,3,1.0,1,0,4.0,0,23.0,0,0,1.0,0,1.0,1,0,1
259,0,11.0,1,0,1154.0,2,4,4.0,1,0,4.0,1,57.0,0,0,3.0,1,1.0,0,0,1
260,1,12.0,0,2,1657.0,0,0,2.0,0,0,2.0,1,27.0,0,0,1.0,0,1.0,0,0,1
261,1,24.0,0,0,1603.0,0,1,4.0,1,0,4.0,0,55.0,0,0,1.0,0,1.0,0,0,1
262,1,18.0,1,1,5302.0,0,1,2.0,0,0,4.0,3,36.0,0,2,3.0,2,1.0,1,0,1
263,0,12.0,1,5,2748.0,0,1,2.0,1,0,4.0,3,57.0,1,2,3.0,1,1.0,0,0,1
264,0,10.0,1,1,1231.0,0,1,3.0,0,0,4.0,1,32.0,0,0,2.0,1,2.0,0,1,1
265,2,15.0,0,0,802.0,0,1,4.0,0,0,3.0,0,37.0,0,0,1.0,0,2.0,0,0,0
266,0,36.0,1,4,6304.0,1,1,4.0,0,0,4.0,1,36.0,0,0,2.0,0,1.0,0,0,1
267,0,24.0,0,0,1533.0,0,3,4.0,1,0,3.0,0,38.0,2,0,1.0,0,1.0,1,0,1
268,1,14.0,0,1,8978.0,0,1,1.0,3,0,4.0,2,45.0,0,0,1.0,2,1.0,1,1,0
269,0,24.0,0,0,999.0,1,1,4.0,0,0,2.0,0,25.0,0,0,2.0,0,1.0,0,0,1
270,0,18.0,0,1,2662.0,1,2,4.0,0,0,3.0,2,32.0,0,0,1.0,0,1.0,0,1,1
271,0,12.0,1,2,1402.0,3,2,3.0,1,0,4.0,0,37.0,0,1,1.0,0,1.0,1,0,1
272,2,48.0,3,1,12169.0,1,4,4.0,0,2,4.0,3,36.0,0,2,1.0,2,1.0,1,0,1
273,2,48.0,0,0,3060.0,0,2,4.0,0,0,4.0,1,28.0,0,0,2.0,0,1.0,0,0,0
274,1,30.0,0,6,11998.0,0,3,1.0,3,0,1.0,3,34.0,0,0,1.0,1,1.0,1,0,0
275,0,9.0,0,0,2697.0,0,0,1.0,0,0,2.0,1,32.0,0,0,1.0,0,2.0,0,0,1
276,0,18.0,1,0,2404.0,0,0,2.0,1,0,2.0,0,26.0,0,0,2.0,0,1.0,0,0,1
277,1,12.0,0,2,1262.0,1,1,2.0,3,0,4.0,2,49.0,0,0,1.0,1,1.0,1,0,1
278,0,6.0,0,2,4611.0,0,3,1.0,1,0,4.0,2,32.0,0,0,1.0,0,1.0,0,0,0
279,0,24.0,0,0,1901.0,2,0,4.0,0,0,4.0,0,29.0,0,1,1.0,2,1.0,1,0,1
280,0,15.0,1,3,3368.0,4,1,3.0,0,0,4.0,3,23.0,0,1,2.0,0,1.0,1,0,1
281,0,12.0,0,2,1574.0,0,0,4.0,0,0,2.0,1,50.0,0,0,1.0,0,1.0,0,0,1
282,3,18.0,3,0,1445.0,1,2,4.0,0,0,4.0,0,49.0,1,0,1.0,1,1.0,0,0,1
283,0,15.0,1,2,1520.0,1,1,4.0,0,0,4.0,2,63.0,0,0,1.0,0,1.0,0,0,1
284,2,24.0,1,1,3878.0,2,3,4.0,3,0,2.0,0,37.0,0,0,1.0,0,1.0,1,0,1
285,1,47.0,0,1,10722.0,0,3,1.0,1,0,1.0,1,35.0,0,0,1.0,1,1.0,1,0,1
286,1,48.0,0,3,4788.0,0,2,4.0,0,0,3.0,2,26.0,0,0,1.0,0,2.0,0,0,1
287,2,48.0,2,8,7582.0,2,4,2.0,0,0,4.0,3,31.0,0,2,1.0,2,1.0,1,0,1
288,2,12.0,0,0,1092.0,0,0,4.0,1,1,4.0,1,49.0,0,0,2.0,0,1.0,1,0,1
289,1,24.0,2,0,1024.0,0,3,4.0,2,0,4.0,1,48.0,2,0,1.0,0,1.0,0,0,0
290,0,12.0,0,4,1076.0,0,0,2.0,2,0,2.0,1,26.0,0,0,1.0,0,1.0,1,1,1
291,2,36.0,0,3,9398.0,0,3,1.0,2,0,4.0,0,28.0,0,1,1.0,2,1.0,1,0,0
292,1,24.0,1,3,6419.0,0,1,2.0,1,0,4.0,3,44.0,0,2,2.0,2,2.0,1,0,1
293,3,42.0,1,3,4796.0,0,1,4.0,0,0,4.0,3,56.0,0,2,1.0,0,1.0,0,0,1
294,0,48.0,1,4,7629.0,1,1,4.0,3,0,2.0,0,46.0,1,0,2.0,2,2.0,0,0,1
295,2,48.0,0,2,9960.0,0,3,1.0,1,0,2.0,0,26.0,0,0,1.0,0,1.0,1,0,0
296,0,12.0,0,3,4675.0,1,3,1.0,1,0,4.0,0,20.0,0,1,1.0,0,1.0,0,0,1
297,0,10.0,0,1,1287.0,1,1,4.0,0,2,2.0,2,45.0,0,0,1.0,1,1.0,0,1,1
298,0,18.0,0,2,2515.0,0,0,3.0,0,0,4.0,1,43.0,0,0,1.0,0,1.0,1,0,1
299,2,21.0,1,2,2745.0,4,2,3.0,0,0,2.0,0,32.0,0,0,2.0,0,1.0,1,0,1
300,0,6.0,0,1,672.0,0,4,1.0,1,0,4.0,1,54.0,0,0,1.0,3,1.0,1,0,1
301,2,36.0,4,0,3804.0,0,0,4.0,1,0,1.0,0,42.0,0,0,1.0,0,1.0,1,0,0
302,3,24.0,1,1,1344.0,1,2,4.0,0,0,2.0,1,37.0,1,0,2.0,1,2.0,0,0,0
303,1,10.0,1,1,1038.0,0,2,4.0,0,2,3.0,2,49.0,0,0,2.0,0,1.0,1,0,1
304,0,48.0,1,1,10127.0,3,0,2.0,0,0,2.0,3,44.0,1,2,1.0,0,1.0,0,0,0
305,0,6.0,0,2,1543.0,4,0,4.0,3,0,2.0,1,33.0,0,0,1.0,0,1.0,0,0,1
306,0,30.0,0,3,4811.0,1,2,2.0,1,0,4.0,2,24.0,2,1,1.0,1,1.0,0,0,1
307,1,12.0,0,0,727.0,2,3,4.0,2,0,3.0,3,33.0,0,0,1.0,1,1.0,1,0,0
308,2,8.0,0,2,1237.0,0,0,3.0,1,0,4.0,1,24.0,0,0,1.0,0,1.0,0,0,0
309,2,9.0,0,1,276.0,0,0,4.0,2,0,4.0,1,22.0,0,1,1.0,1,1.0,0,0,1
310,2,48.0,0,8,5381.0,1,4,3.0,0,0,4.0,3,40.0,1,2,1.0,3,1.0,1,0,1
311,0,24.0,0,2,5511.0,2,0,4.0,0,0,1.0,0,25.0,2,0,1.0,0,1.0,0,0,1
312,3,24.0,0,2,3749.0,0,3,2.0,1,0,4.0,0,26.0,0,0,1.0,0,1.0,0,0,1
313,2,12.0,0,1,685.0,0,2,2.0,2,0,3.0,0,25.0,1,0,1.0,1,1.0,0,0,0
314,3,4.0,0,1,1494.0,1,3,1.0,0,0,2.0,1,29.0,0,0,1.0,1,2.0,0,1,1
315,1,36.0,3,2,2746.0,0,1,4.0,0,0,4.0,0,31.0,1,0,1.0,0,1.0,0,0,0
316,1,12.0,0,2,708.0,0,0,2.0,0,1,3.0,2,38.0,0,0,1.0,1,2.0,0,0,1
317,2,24.0,0,2,4351.0,1,0,1.0,1,0,4.0,2,48.0,0,0,1.0,1,1.0,1,0,1
318,0,12.0,1,5,701.0,0,0,4.0,0,0,2.0,0,32.0,0,0,2.0,0,1.0,0,0,1
319,1,15.0,2,2,3643.0,0,1,1.0,1,0,4.0,2,27.0,0,0,2.0,1,1.0,0,0,1
320,2,30.0,1,1,4249.0,0,4,4.0,2,0,2.0,0,28.0,0,0,2.0,2,1.0,0,0,0
321,1,24.0,0,0,1938.0,0,3,4.0,3,0,3.0,2,32.0,0,0,1.0,0,1.0,0,0,0
322,1,24.0,0,3,2910.0,0,2,2.0,0,0,1.0,3,34.0,0,2,1.0,2,1.0,1,0,1
323,1,18.0,0,2,2659.0,4,0,4.0,0,0,2.0,0,28.0,0,0,1.0,0,1.0,0,0,1
324,0,18.0,1,1,1028.0,0,0,4.0,1,0,3.0,1,36.0,0,0,2.0,0,1.0,0,0,1
325,1,8.0,1,1,3398.0,0,2,1.0,0,0,4.0,1,39.0,0,0,2.0,1,1.0,0,1,1
326,0,12.0,1,2,5801.0,1,1,2.0,0,0,4.0,2,49.0,0,1,1.0,0,1.0,1,0,1
327,0,24.0,0,1,1525.0,4,2,4.0,1,0,3.0,0,34.0,0,0,1.0,0,2.0,1,0,1
328,3,36.0,0,0,4473.0,0,1,4.0,0,0,2.0,0,31.0,0,0,1.0,0,1.0,0,0,1
329,2,6.0,0,0,1068.0,0,1,4.0,0,0,4.0,0,28.0,0,0,1.0,0,2.0,0,0,1
330,1,24.0,1,3,6615.0,0,4,2.0,0,0,4.0,3,75.0,0,2,2.0,2,1.0,1,0,1
331,0,18.0,1,5,1864.0,2,0,4.0,1,0,2.0,1,30.0,0,0,2.0,0,1.0,0,0,0
332,2,60.0,0,1,7408.0,2,3,4.0,1,0,2.0,2,24.0,0,0,1.0,2,1.0,0,0,0
333,0,48.0,1,3,11590.0,2,0,2.0,1,0,4.0,0,24.0,1,1,2.0,1,1.0,0,0,0
334,1,24.0,4,2,4110.0,0,1,3.0,0,0,4.0,3,23.0,1,1,2.0,0,2.0,0,0,0
335,1,6.0,1,2,3384.0,0,0,1.0,3,0,4.0,1,44.0,0,1,1.0,2,1.0,1,0,0
336,2,13.0,0,0,2101.0,0,3,2.0,1,1,4.0,2,23.0,0,0,1.0,1,1.0,0,0,1
337,1,15.0,0,7,1275.0,1,0,4.0,1,0,2.0,0,24.0,0,1,1.0,0,1.0,0,0,0
338,1,24.0,0,2,4169.0,0,0,4.0,0,0,4.0,2,28.0,0,0,1.0,0,1.0,0,0,1
339,2,10.0,0,2,1521.0,0,0,4.0,3,0,2.0,0,31.0,0,0,1.0,1,1.0,0,0,1
340,2,24.0,1,5,5743.0,0,3,2.0,1,0,4.0,3,24.0,0,2,2.0,0,1.0,1,0,1
341,1,21.0,0,2,3599.0,0,2,1.0,1,0,4.0,0,26.0,0,1,1.0,1,1.0,0,0,1
342,2,18.0,0,0,3213.0,3,3,1.0,2,0,3.0,1,25.0,0,1,1.0,0,1.0,0,0,1
343,2,18.0,0,4,4439.0,0,1,1.0,0,2,1.0,1,33.0,1,0,1.0,2,1.0,1,0,1
344,3,10.0,0,1,3949.0,0,3,1.0,0,1,1.0,2,37.0,0,0,1.0,1,2.0,0,0,1
345,0,15.0,1,0,1459.0,0,0,4.0,1,0,2.0,0,43.0,0,0,1.0,1,1.0,0,0,1
346,2,13.0,1,0,882.0,0,3,4.0,0,1,4.0,1,23.0,0,0,2.0,0,1.0,0,0,1
347,2,24.0,0,0,3758.0,3,4,1.0,1,0,4.0,3,23.0,0,1,1.0,3,1.0,0,0,1
348,0,6.0,2,4,1743.0,2,0,1.0,0,0,2.0,1,34.0,0,0,2.0,1,1.0,0,0,1
349,2,9.0,1,5,1136.0,4,1,4.0,0,0,3.0,3,32.0,0,2,2.0,0,2.0,0,0,0
350,0,9.0,0,7,1236.0,0,3,1.0,1,0,4.0,1,23.0,0,1,1.0,0,1.0,1,0,1
351,2,9.0,0,2,959.0,0,0,1.0,1,0,2.0,0,29.0,0,0,1.0,0,1.0,0,1,0
352,0,18.0,1,3,3229.0,1,4,2.0,0,0,4.0,3,38.0,0,0,1.0,2,1.0,1,0,1
353,1,12.0,4,0,6199.0,0,0,4.0,0,0,2.0,2,28.0,0,1,2.0,0,1.0,1,0,0
354,0,10.0,0,5,727.0,3,1,4.0,0,0,4.0,3,46.0,0,2,1.0,0,1.0,1,0,1
355,2,24.0,0,1,1246.0,0,3,4.0,0,0,2.0,1,23.0,2,0,1.0,1,1.0,0,0,0
356,0,12.0,1,0,2331.0,1,1,1.0,0,2,4.0,1,49.0,0,0,1.0,0,1.0,1,0,1
357,0,36.0,2,0,4463.0,0,0,4.0,0,0,2.0,0,26.0,0,0,2.0,2,1.0,1,0,0
358,0,12.0,0,0,776.0,0,0,4.0,2,0,2.0,1,28.0,0,0,1.0,0,1.0,0,0,1
359,1,30.0,0,2,2406.0,0,2,4.0,1,0,4.0,1,23.0,0,1,1.0,0,1.0,0,0,0
360,2,18.0,0,5,1239.0,1,0,4.0,0,0,4.0,3,61.0,0,2,1.0,0,1.0,0,0,1
361,3,12.0,0,0,3399.0,1,1,2.0,0,0,3.0,0,37.0,0,0,1.0,2,1.0,0,0,1
362,3,12.0,2,1,2247.0,0,0,2.0,1,0,2.0,0,36.0,2,0,2.0,0,1.0,1,0,1
363,0,6.0,0,2,1766.0,0,0,1.0,2,0,2.0,2,21.0,0,1,1.0,0,1.0,0,0,1
364,1,18.0,0,2,2473.0,0,4,4.0,0,0,1.0,0,25.0,0,0,1.0,3,1.0,0,0,0
365,0,12.0,0,4,1542.0,0,2,2.0,0,0,4.0,0,36.0,0,0,1.0,0,1.0,1,0,1
366,0,18.0,1,3,3850.0,0,2,3.0,0,0,1.0,0,27.0,0,0,2.0,0,1.0,0,0,1
367,1,18.0,0,2,3650.0,0,3,1.0,1,0,4.0,0,22.0,0,1,1.0,0,1.0,0,0,1
368,1,36.0,0,2,3446.0,0,1,4.0,0,0,2.0,0,42.0,0,0,1.0,0,2.0,0,0,0
369,2,18.0,0,2,3001.0,0,2,2.0,1,0,4.0,1,40.0,0,1,1.0,0,1.0,0,0,1
370,0,36.0,0,1,3079.0,1,0,4.0,0,0,4.0,1,36.0,0,0,1.0,0,1.0,0,0,1
371,0,18.0,1,0,6070.0,0,1,3.0,0,0,4.0,0,33.0,0,0,2.0,0,1.0,1,0,1
372,0,10.0,1,2,2146.0,0,3,1.0,1,0,3.0,1,23.0,0,1,2.0,0,1.0,0,0,1
373,0,60.0,1,1,13756.0,1,1,2.0,0,0,4.0,3,63.0,1,2,1.0,2,1.0,1,0,1
374,2,60.0,3,8,14782.0,2,1,3.0,1,0,4.0,3,60.0,1,2,2.0,2,1.0,1,0,0
375,1,48.0,3,4,7685.0,0,2,2.0,1,1,4.0,0,37.0,0,1,1.0,0,1.0,0,0,0
376,0,18.0,2,0,2320.0,0,4,2.0,2,0,3.0,1,34.0,0,0,2.0,0,1.0,0,0,1
377,0,7.0,2,0,846.0,1,1,3.0,0,0,4.0,3,36.0,0,2,1.0,0,1.0,0,0,1
378,2,36.0,0,1,14318.0,0,1,4.0,0,0,2.0,3,57.0,0,2,1.0,2,1.0,1,0,0
379,0,6.0,1,1,362.0,2,0,4.0,1,0,4.0,0,52.0,0,0,2.0,1,1.0,0,0,1
380,1,20.0,0,2,2212.0,1,2,4.0,0,0,4.0,0,39.0,0,0,1.0,0,1.0,1,0,1
381,2,18.0,0,3,12976.0,0,4,3.0,1,0,4.0,3,38.0,0,2,1.0,2,1.0,1,0,0
382,0,22.0,0,1,1283.0,1,2,4.0,1,0,4.0,2,25.0,0,1,1.0,0,1.0,0,0,1
383,3,12.0,0,1,1330.0,0,3,4.0,0,0,1.0,1,26.0,0,0,1.0,0,1.0,0,0,1
384,0,30.0,2,4,4272.0,2,0,2.0,0,0,2.0,2,26.0,0,0,2.0,1,1.0,0,0,1
385,0,18.0,1,0,2238.0,0,0,2.0,1,0,1.0,0,25.0,0,0,2.0,0,1.0,0,0,1
386,0,18.0,0,0,1126.0,1,3,4.0,1,0,2.0,1,21.0,0,1,1.0,0,1.0,1,0,1
387,2,18.0,1,2,7374.0,0,4,4.0,0,0,4.0,2,40.0,2,0,2.0,2,1.0,1,0,1
388,2,15.0,1,4,2326.0,3,0,2.0,0,0,4.0,0,27.0,1,0,1.0,0,1.0,0,0,1
389,0,9.0,0,4,1449.0,0,2,3.0,1,0,2.0,0,27.0,0,0,2.0,0,1.0,0,0,1
390,0,18.0,0,1,1820.0,0,0,2.0,2,0,2.0,2,30.0,0,0,1.0,2,1.0,1,0,1
391,2,12.0,0,2,983.0,4,3,1.0,1,0,4.0,1,19.0,0,1,1.0,1,1.0,0,0,1
392,1,36.0,0,1,3249.0,0,2,2.0,0,0,4.0,3,39.0,1,2,1.0,2,2.0,1,0,1
393,1,6.0,1,0,1957.0,0,2,1.0,1,0,4.0,0,31.0,0,0,1.0,0,1.0,0,0,1
394,0,9.0,1,2,2406.0,0,4,2.0,0,0,3.0,0,31.0,0,0,1.0,2,1.0,0,0,1
395,2,39.0,2,5,11760.0,2,2,2.0,0,0,3.0,3,32.0,0,1,1.0,0,1.0,1,0,1
396,1,12.0,0,2,2578.0,0,4,3.0,1,0,4.0,3,55.0,0,2,1.0,2,1.0,0,0,1
397,1,36.0,1,2,2348.0,0,0,3.0,2,0,2.0,2,46.0,0,0,2.0,0,1.0,1,0,1
398,2,12.0,0,1,1223.0,0,1,1.0,3,0,1.0,1,46.0,0,1,2.0,0,1.0,0,0,0
399,0,24.0,1,0,1516.0,4,0,4.0,1,0,1.0,1,43.0,0,0,2.0,1,1.0,0,0,1
400,0,18.0,0,0,1473.0,0,3,3.0,2,0,4.0,1,39.0,0,0,1.0,0,1.0,1,0,1
401,2,18.0,1,4,1887.0,1,0,4.0,2,0,4.0,1,28.0,1,0,2.0,0,1.0,0,0,1
402,0,24.0,2,4,8648.0,0,3,2.0,0,0,2.0,0,27.0,1,0,2.0,0,1.0,1,0,0
403,0,14.0,2,1,802.0,0,0,4.0,0,0,2.0,0,27.0,0,0,2.0,1,1.0,0,0,1
404,2,18.0,2,1,2899.0,1,1,4.0,0,0,4.0,0,43.0,0,0,1.0,0,2.0,0,0,1
405,2,24.0,0,0,2039.0,0,3,1.0,2,0,1.0,2,22.0,0,0,1.0,0,1.0,1,0,0
406,0,24.0,1,3,2197.0,1,2,4.0,0,0,4.0,0,43.0,0,0,2.0,0,2.0,1,0,1
407,1,15.0,0,0,1053.0,0,3,4.0,2,0,2.0,1,27.0,0,0,1.0,0,1.0,0,1,1
408,0,24.0,0,0,3235.0,3,1,3.0,3,0,2.0,0,26.0,0,0,1.0,2,1.0,1,0,1
409,3,12.0,1,1,939.0,3,2,4.0,2,0,2.0,1,28.0,0,0,3.0,0,1.0,1,0,0
410,2,24.0,0,0,1967.0,0,1,4.0,1,0,4.0,0,20.0,0,0,1.0,0,1.0,1,0,1
411,0,33.0,1,3,7253.0,0,2,3.0,0,0,2.0,0,35.0,0,0,2.0,2,1.0,1,0,1
412,0,12.0,1,4,2292.0,0,4,4.0,0,0,2.0,0,42.0,2,0,2.0,2,1.0,1,0,0
413,0,10.0,0,1,1597.0,3,0,3.0,0,0,2.0,3,40.0,0,1,1.0,1,2.0,0,1,1
414,1,24.0,0,1,1381.0,1,0,4.0,1,0,2.0,2,35.0,0,0,1.0,0,1.0,0,0,0
415,0,36.0,1,3,5842.0,0,1,2.0,0,0,2.0,2,35.0,0,0,2.0,0,2.0,1,0,1
416,1,12.0,0,1,2579.0,0,3,4.0,0,0,1.0,1,33.0,0,0,1.0,1,2.0,0,0,0
417,1,18.0,2,5,8471.0,1,0,1.0,1,0,2.0,0,23.0,0,1,2.0,0,1.0,1,0,1
418,0,21.0,0,1,2782.0,3,2,1.0,1,0,2.0,0,31.0,1,0,1.0,2,1.0,0,0,1
419,2,18.0,0,1,1042.0,1,0,4.0,1,0,2.0,2,33.0,0,0,1.0,0,1.0,0,0,0
420,0,15.0,0,1,3186.0,4,2,2.0,1,0,3.0,0,20.0,0,1,1.0,0,1.0,0,0,1
421,2,12.0,0,3,2028.0,1,0,4.0,0,0,2.0,0,30.0,0,0,1.0,0,1.0,0,0,1
422,2,12.0,1,1,958.0,0,2,2.0,0,0,3.0,1,47.0,0,0,2.0,1,2.0,0,0,1
423,0,21.0,2,2,1591.0,2,2,4.0,0,0,3.0,1,34.0,0,0,2.0,2,1.0,0,0,1
424,2,12.0,0,2,2762.0,1,1,1.0,1,0,2.0,2,25.0,1,0,1.0,0,1.0,1,0,0
425,2,18.0,0,3,2779.0,0,0,1.0,2,0,3.0,0,21.0,0,1,1.0,0,1.0,1,0,1
426,0,28.0,1,0,2743.0,0,1,4.0,0,0,2.0,0,29.0,0,0,2.0,0,1.0,0,0,1
427,0,18.0,1,0,1149.0,4,0,4.0,0,0,3.0,1,46.0,0,0,2.0,0,1.0,0,0,1
428,0,9.0,0,2,1313.0,0,1,1.0,0,0,4.0,0,20.0,0,0,1.0,0,1.0,0,0,1
429,1,18.0,1,6,1190.0,0,4,2.0,1,0,4.0,3,55.0,0,2,3.0,3,2.0,0,0,0
430,0,5.0,0,4,3448.0,0,2,1.0,0,0,4.0,1,74.0,0,0,1.0,1,1.0,0,0,1
431,2,24.0,0,8,11328.0,0,0,2.0,0,2,3.0,0,29.0,1,0,2.0,2,1.0,1,0,0
432,1,6.0,1,2,1872.0,0,4,4.0,0,0,4.0,3,36.0,0,2,3.0,2,1.0,1,0,1
433,0,24.0,1,6,2058.0,0,0,4.0,3,0,2.0,1,33.0,0,0,2.0,0,1.0,1,0,1
434,1,9.0,0,2,2136.0,0,0,3.0,0,0,2.0,1,25.0,0,0,1.0,0,1.0,0,0,1
435,2,12.0,0,0,1484.0,1,0,2.0,2,0,1.0,1,25.0,0,0,1.0,0,1.0,1,0,0
436,0,6.0,0,6,660.0,3,2,2.0,2,0,4.0,1,23.0,0,1,1.0,1,1.0,0,0,1
437,0,24.0,1,1,1287.0,4,1,4.0,1,0,4.0,1,37.0,0,0,2.0,0,1.0,1,0,1
438,1,42.0,1,6,3394.0,0,4,4.0,0,2,4.0,0,65.0,0,0,2.0,3,1.0,0,0,1
439,3,12.0,3,4,609.0,0,3,4.0,1,0,1.0,1,26.0,0,0,1.0,3,1.0,0,0,0
440,0,12.0,0,1,1884.0,0,1,4.0,0,0,4.0,0,39.0,0,0,1.0,2,1.0,1,0,1
441,1,12.0,0,2,1620.0,0,0,2.0,1,2,3.0,2,30.0,0,0,1.0,0,1.0,0,0,1
442,2,20.0,2,8,2629.0,0,0,2.0,0,0,3.0,0,29.0,1,0,2.0,0,1.0,1,0,1
443,0,12.0,0,5,719.0,0,1,4.0,0,0,4.0,0,41.0,1,0,1.0,1,2.0,0,0,0
444,2,48.0,1,2,5096.0,0,0,2.0,1,0,3.0,0,30.0,0,0,1.0,2,1.0,1,0,0
445,0,9.0,1,5,1244.0,1,1,4.0,1,0,4.0,2,41.0,0,1,2.0,1,1.0,0,0,1
446,1,36.0,0,1,1842.0,0,3,4.0,1,0,4.0,0,34.0,0,0,1.0,0,1.0,1,0,0
447,2,7.0,0,0,2576.0,0,0,2.0,0,1,2.0,1,35.0,0,0,1.0,0,1.0,0,0,1
448,3,12.0,0,2,1424.0,1,1,3.0,1,0,4.0,1,55.0,0,0,1.0,2,1.0,1,0,1
449,2,15.0,2,6,1512.0,4,0,3.0,2,0,3.0,2,61.0,2,0,2.0,0,1.0,0,0,0
450,0,36.0,1,3,11054.0,1,0,4.0,0,0,2.0,0,30.0,0,0,1.0,2,1.0,1,0,1
451,0,6.0,0,0,518.0,0,0,3.0,1,0,1.0,1,29.0,0,0,1.0,0,1.0,0,0,1
452,0,12.0,4,2,2759.0,0,1,2.0,0,0,4.0,2,34.0,0,0,2.0,0,1.0,0,0,1
453,0,24.0,0,3,2670.0,0,1,4.0,0,0,4.0,0,35.0,0,0,1.0,2,1.0,1,0,1
454,1,24.0,0,1,4817.0,0,2,2.0,0,2,3.0,2,31.0,0,0,1.0,0,1.0,1,0,0
455,0,24.0,0,3,2679.0,0,3,4.0,1,0,1.0,3,29.0,0,0,1.0,2,1.0,1,0,1
456,1,11.0,1,1,3905.0,0,0,2.0,0,0,2.0,1,36.0,0,1,2.0,0,2.0,0,0,1
457,1,12.0,0,3,3386.0,0,1,3.0,0,0,4.0,3,35.0,0,2,1.0,0,1.0,1,0,0
458,1,6.0,0,7,343.0,0,3,4.0,1,0,1.0,1,27.0,0,0,1.0,0,1.0,0,0,1
459,0,18.0,0,0,4594.0,0,3,3.0,0,0,2.0,0,32.0,0,0,1.0,0,1.0,1,0,1
460,1,36.0,0,2,3620.0,0,0,1.0,0,1,2.0,2,37.0,0,0,1.0,0,2.0,0,0,1
461,1,15.0,0,1,1721.0,0,3,2.0,0,0,3.0,1,36.0,0,0,1.0,0,1.0,0,0,1
462,2,12.0,0,2,3017.0,0,3,3.0,1,0,1.0,1,34.0,0,1,1.0,2,1.0,0,0,1
463,2,12.0,0,9,754.0,1,1,4.0,0,0,4.0,2,38.0,0,0,2.0,0,1.0,0,0,1
464,0,18.0,0,4,1950.0,0,2,4.0,0,0,1.0,0,34.0,2,0,2.0,0,1.0,1,0,1
465,1,24.0,0,3,2924.0,0,0,3.0,0,1,4.0,3,63.0,1,0,1.0,0,2.0,1,0,1
466,1,24.0,2,0,1659.0,0,3,4.0,1,0,2.0,0,29.0,0,1,1.0,1,1.0,1,0,0
467,0,48.0,2,0,7238.0,1,1,3.0,0,0,3.0,0,32.0,1,0,2.0,0,2.0,0,0,1
468,0,33.0,2,4,2764.0,0,0,2.0,1,0,2.0,0,26.0,0,0,2.0,0,1.0,1,0,1
469,0,24.0,2,3,4679.0,0,2,3.0,0,0,3.0,0,35.0,0,0,2.0,1,1.0,1,0,1
470,2,24.0,0,0,3092.0,2,3,3.0,2,0,2.0,0,22.0,0,1,1.0,0,1.0,1,0,0
471,1,6.0,0,5,448.0,0,3,4.0,1,0,4.0,2,23.0,0,0,1.0,0,1.0,0,0,0
472,1,9.0,0,1,654.0,0,0,4.0,0,0,3.0,0,28.0,0,0,1.0,1,1.0,0,0,0
473,0,6.0,0,9,1238.0,1,4,4.0,0,0,4.0,2,36.0,0,0,1.0,2,2.0,1,0,1
474,2,18.0,1,0,1245.0,0,0,4.0,2,0,2.0,0,33.0,0,0,1.0,0,1.0,0,0,0
475,1,18.0,4,2,3114.0,0,3,1.0,1,0,4.0,2,26.0,0,1,1.0,0,1.0,0,0,0
476,0,39.0,0,3,2569.0,3,0,4.0,0,0,4.0,0,24.0,0,0,1.0,0,1.0,0,0,1
477,3,24.0,0,0,5152.0,0,2,4.0,0,0,2.0,0,25.0,1,0,1.0,0,1.0,0,0,1
478,2,12.0,0,4,1037.0,2,2,3.0,0,0,4.0,1,39.0,0,0,1.0,1,1.0,0,0,1
479,1,15.0,1,2,1478.0,0,1,4.0,0,0,4.0,0,44.0,0,0,2.0,0,2.0,1,0,1
480,2,12.0,1,0,3573.0,0,0,1.0,1,0,1.0,1,23.0,0,0,1.0,1,1.0,0,0,1
481,2,24.0,0,1,1201.0,0,3,4.0,0,0,1.0,2,26.0,0,0,1.0,0,1.0,0,0,1
482,1,30.0,0,2,3622.0,4,1,4.0,1,0,4.0,2,57.0,0,1,2.0,0,1.0,1,0,1
483,0,15.0,2,2,960.0,4,2,3.0,1,0,2.0,2,30.0,0,0,2.0,0,1.0,0,0,1
484,0,12.0,1,1,1163.0,3,0,4.0,0,0,4.0,1,44.0,0,0,1.0,0,1.0,1,0,1
485,2,6.0,2,1,1209.0,0,4,4.0,0,0,4.0,2,47.0,0,0,1.0,2,1.0,1,0,0
486,0,12.0,0,0,3077.0,0,0,2.0,0,0,4.0,0,52.0,0,0,1.0,0,1.0,1,0,1
487,0,24.0,0,1,3757.0,0,1,4.0,1,2,4.0,3,62.0,0,2,1.0,0,1.0,1,0,1
488,0,10.0,0,1,1418.0,2,0,3.0,0,0,2.0,1,35.0,0,1,1.0,1,1.0,0,1,1
489,0,6.0,0,1,3518.0,0,0,2.0,0,1,3.0,2,26.0,0,1,1.0,0,1.0,0,0,1
490,0,12.0,1,0,1934.0,0,1,2.0,0,0,2.0,3,26.0,0,0,2.0,0,1.0,0,0,1
491,2,27.0,4,4,8318.0,0,1,2.0,1,0,4.0,3,42.0,0,2,2.0,2,1.0,1,0,0
492,0,6.0,1,0,1237.0,2,0,1.0,1,0,1.0,2,27.0,0,0,2.0,0,1.0,0,0,1
493,2,6.0,0,0,368.0,1,1,4.0,0,0,4.0,2,38.0,0,0,1.0,0,1.0,0,0,1
494,1,12.0,1,1,2122.0,0,0,3.0,0,0,2.0,1,39.0,0,1,2.0,1,2.0,0,1,1
495,1,24.0,0,2,2996.0,1,0,2.0,2,0,4.0,0,20.0,0,0,1.0,0,1.0,0,0,0
496,2,36.0,0,2,9034.0,2,3,4.0,0,2,1.0,3,29.0,0,1,1.0,2,1.0,1,0,0
497,0,24.0,1,2,1585.0,0,2,4.0,0,0,3.0,2,40.0,0,0,2.0,0,1.0,0,0,1
498,2,18.0,0,0,1301.0,0,1,4.0,2,1,2.0,1,32.0,0,0,1.0,1,1.0,0,0,1
499,3,6.0,1,1,1323.0,2,1,2.0,3,0,4.0,0,28.0,0,0,2.0,0,2.0,1,0,1
500,1,24.0,0,1,3123.0,0,3,4.0,1,0,1.0,2,27.0,0,0,1.0,0,1.0,0,0,0
501,1,36.0,0,3,5493.0,0,1,2.0,0,0,4.0,3,42.0,0,2,1.0,0,2.0,0,0,1
502,3,9.0,0,0,1126.0,2,1,2.0,3,0,4.0,1,49.0,0,0,1.0,0,1.0,0,0,1
503,2,24.0,1,0,1216.0,2,3,4.0,0,0,4.0,3,38.0,1,0,2.0,0,2.0,0,0,0
504,1,24.0,0,1,1207.0,0,3,4.0,1,0,4.0,2,24.0,0,1,1.0,0,1.0,0,0,0
505,0,10.0,0,1,1309.0,1,0,4.0,0,1,4.0,2,27.0,0,0,1.0,1,1.0,0,0,0
506,3,15.0,1,3,2360.0,3,0,2.0,0,0,2.0,0,36.0,0,0,1.0,0,1.0,1,0,1
507,2,15.0,3,1,6850.0,2,4,1.0,0,0,2.0,2,34.0,0,0,1.0,2,2.0,1,0,0
508,0,24.0,0,0,1413.0,0,0,4.0,2,0,2.0,2,28.0,0,0,1.0,0,1.0,0,0,1
509,0,39.0,0,3,8588.0,2,1,4.0,0,0,2.0,0,45.0,0,0,1.0,2,1.0,1,0,1
510,1,12.0,0,1,759.0,0,2,4.0,0,0,2.0,1,26.0,0,0,1.0,0,1.0,0,0,0
511,0,36.0,0,3,4686.0,0,0,2.0,0,0,2.0,3,32.0,0,2,1.0,2,1.0,1,0,1
512,3,15.0,0,4,2687.0,0,2,2.0,0,0,4.0,2,26.0,0,1,1.0,0,1.0,1,0,1
513,2,12.0,2,0,585.0,0,0,4.0,2,2,4.0,1,20.0,0,1,2.0,0,1.0,0,0,1
514,0,24.0,0,1,2255.0,1,3,4.0,0,0,1.0,2,54.0,0,0,1.0,0,1.0,0,0,1
515,1,6.0,1,1,609.0,0,2,4.0,1,0,3.0,2,37.0,0,0,2.0,0,1.0,0,1,1
516,1,6.0,1,1,1361.0,0,3,2.0,0,0,4.0,1,40.0,0,0,1.0,1,2.0,0,1,1
517,0,36.0,1,2,7127.0,0,3,2.0,1,0,4.0,2,23.0,0,1,2.0,0,1.0,1,0,0
518,1,6.0,0,1,1203.0,2,1,3.0,0,0,2.0,2,43.0,0,0,1.0,0,1.0,1,0,1
519,0,6.0,1,0,700.0,1,1,4.0,0,0,4.0,3,36.0,0,2,2.0,0,1.0,0,0,1
520,0,24.0,1,6,5507.0,0,1,3.0,0,0,4.0,3,44.0,0,2,2.0,0,1.0,0,0,1
521,1,18.0,0,0,3190.0,0,0,2.0,1,0,2.0,1,24.0,0,0,1.0,0,1.0,0,0,0
522,1,48.0,4,2,7119.0,0,0,3.0,0,0,4.0,3,53.0,0,2,2.0,0,2.0,0,0,0
523,0,24.0,0,3,3488.0,2,2,3.0,1,0,4.0,0,23.0,0,0,1.0,0,1.0,0,0,1
524,2,18.0,0,0,1113.0,0,0,4.0,1,1,4.0,1,26.0,0,0,1.0,1,2.0,0,0,1
525,2,26.0,0,3,7966.0,0,3,2.0,0,0,3.0,0,30.0,0,0,2.0,0,1.0,0,0,1
526,0,15.0,1,5,1532.0,2,0,4.0,1,0,3.0,0,31.0,0,0,1.0,0,1.0,0,0,1
527,0,4.0,1,0,1503.0,0,2,2.0,0,0,1.0,1,42.0,0,0,2.0,1,2.0,0,0,1
528,1,36.0,0,0,2302.0,0,0,4.0,3,0,4.0,0,31.0,0,1,1.0,0,1.0,0,0,0
529,1,6.0,0,1,662.0,0,3,3.0,0,0,4.0,1,41.0,0,0,1.0,1,2.0,1,0,1
530,2,36.0,0,5,2273.0,0,2,3.0,0,0,1.0,0,32.0,0,0,2.0,0,2.0,0,0,1
531,2,15.0,0,1,2631.0,2,0,2.0,1,0,4.0,0,28.0,0,1,2.0,0,1.0,1,0,0
532,0,12.0,2,3,1503.0,0,0,4.0,2,0,4.0,1,41.0,0,1,1.0,0,1.0,0,0,1
533,0,24.0,0,0,1311.0,2,2,4.0,2,0,3.0,2,26.0,0,0,1.0,0,1.0,1,0,1
534,0,24.0,0,0,3105.0,1,3,4.0,0,0,2.0,0,25.0,0,0,2.0,0,1.0,0,0,1
535,3,21.0,1,5,2319.0,0,3,2.0,3,0,1.0,0,33.0,0,1,1.0,0,1.0,0,0,0
536,1,6.0,0,1,1374.0,1,4,4.0,1,0,3.0,2,75.0,0,0,1.0,2,1.0,1,0,1
537,2,18.0,1,2,3612.0,0,1,3.0,1,0,4.0,2,37.0,0,0,1.0,0,1.0,1,0,1
538,1,48.0,0,1,7763.0,0,1,4.0,0,0,4.0,3,42.0,1,2,1.0,2,1.0,0,0,0
539,3,18.0,0,2,3049.0,0,3,1.0,1,0,1.0,2,45.0,2,0,1.0,1,1.0,0,0,1
540,2,12.0,0,0,1534.0,0,3,1.0,2,0,1.0,1,23.0,0,1,1.0,0,1.0,0,0,0
541,0,24.0,2,1,2032.0,0,1,4.0,0,0,4.0,3,60.0,0,2,2.0,0,1.0,1,0,1
542,1,30.0,0,2,6350.0,1,1,4.0,0,0,4.0,2,31.0,0,0,1.0,0,1.0,0,0,0
543,3,18.0,0,2,2864.0,0,0,2.0,0,0,1.0,1,34.0,0,0,1.0,1,2.0,0,0,0
544,0,12.0,1,1,1255.0,0,1,4.0,0,0,4.0,1,61.0,0,0,2.0,1,1.0,0,0,1
545,1,24.0,2,1,1333.0,0,4,4.0,0,0,2.0,1,43.0,0,2,2.0,0,2.0,0,0,0
546,0,24.0,1,1,2022.0,0,0,4.0,1,0,4.0,0,37.0,0,0,1.0,0,1.0,1,0,1
547,0,24.0,0,0,1552.0,0,2,3.0,0,0,1.0,0,32.0,1,0,1.0,0,2.0,0,0,1
548,1,12.0,3,0,626.0,0,0,4.0,1,0,4.0,1,24.0,1,0,1.0,1,1.0,0,0,0
549,0,48.0,1,3,8858.0,1,2,2.0,0,0,1.0,3,35.0,0,2,2.0,0,1.0,1,0,1
550,0,12.0,1,6,996.0,1,2,4.0,1,0,4.0,1,23.0,0,0,2.0,0,1.0,0,0,1
551,0,6.0,3,0,1750.0,3,1,2.0,0,0,4.0,2,45.0,1,0,1.0,1,2.0,0,0,1
552,1,48.0,0,0,6999.0,0,2,1.0,2,1,1.0,1,34.0,0,0,2.0,0,1.0,1,0,0
553,2,12.0,1,1,1995.0,2,3,4.0,0,0,1.0,0,27.0,0,0,1.0,0,1.0,0,0,1
554,2,9.0,0,5,1199.0,0,2,4.0,1,0,4.0,2,67.0,0,0,2.0,2,1.0,1,0,1
555,2,12.0,0,0,1331.0,0,3,2.0,0,0,1.0,0,22.0,2,0,1.0,0,1.0,0,0,0
556,2,18.0,4,1,2278.0,2,3,3.0,1,0,3.0,0,28.0,0,0,2.0,0,1.0,0,0,0
557,0,21.0,4,1,5003.0,1,0,1.0,1,0,4.0,2,29.0,1,0,2.0,0,1.0,1,0,0
558,1,24.0,3,2,3552.0,0,2,3.0,0,0,4.0,0,27.0,1,0,1.0,0,1.0,0,0,0
559,2,18.0,1,2,1928.0,0,3,2.0,0,0,2.0,1,31.0,0,0,2.0,1,1.0,0,0,0
560,1,24.0,0,3,2964.0,1,1,4.0,0,0,4.0,3,49.0,1,2,1.0,0,2.0,1,0,1
561,1,24.0,3,0,1546.0,0,2,4.0,0,1,4.0,0,24.0,1,1,1.0,1,1.0,0,0,0
562,3,6.0,2,0,683.0,0,3,2.0,1,0,1.0,2,29.0,1,0,1.0,0,1.0,0,0,1
563,2,36.0,0,1,12389.0,1,0,1.0,0,0,4.0,3,37.0,0,2,1.0,0,1.0,1,0,0
564,2,24.0,2,4,4712.0,1,0,4.0,0,0,2.0,2,37.0,1,0,2.0,2,1.0,1,0,1
565,2,24.0,2,0,1553.0,2,2,3.0,1,0,2.0,2,23.0,0,1,2.0,0,1.0,1,0,1
566,1,12.0,0,1,1372.0,0,2,2.0,3,0,3.0,0,36.0,0,0,1.0,0,1.0,0,0,0
567,0,24.0,1,0,2578.0,4,1,2.0,0,0,2.0,0,34.0,0,0,1.0,0,1.0,0,0,1
568,2,48.0,0,0,3979.0,1,2,4.0,0,0,1.0,0,41.0,0,0,2.0,0,2.0,1,0,1
569,1,48.0,0,0,6758.0,0,0,3.0,1,0,2.0,0,31.0,0,0,1.0,0,1.0,1,0,0
570,1,24.0,0,2,3234.0,0,3,4.0,1,0,4.0,1,23.0,0,1,1.0,1,1.0,1,0,0
571,0,30.0,1,0,5954.0,0,2,3.0,0,2,2.0,0,38.0,0,0,1.0,0,1.0,0,0,1
572,0,24.0,0,3,5433.0,1,4,2.0,1,0,4.0,2,26.0,0,1,1.0,2,1.0,1,0,1
573,1,15.0,0,4,806.0,0,0,4.0,1,0,4.0,2,22.0,0,0,1.0,1,1.0,0,0,1
574,2,9.0,0,0,1082.0,0,1,4.0,0,0,4.0,0,27.0,0,0,2.0,1,1.0,0,0,1
575,0,15.0,1,2,2788.0,0,2,2.0,1,2,3.0,0,24.0,1,0,2.0,0,1.0,0,0,1
576,2,12.0,0,0,2930.0,0,2,2.0,1,0,1.0,1,27.0,0,0,1.0,0,1.0,0,0,1
577,0,24.0,1,5,1927.0,1,0,3.0,1,0,2.0,0,33.0,0,0,2.0,0,1.0,1,0,1
578,2,36.0,1,1,2820.0,0,3,4.0,3,0,4.0,0,27.0,0,0,2.0,0,1.0,0,0,0
579,0,24.0,0,9,937.0,0,3,4.0,2,0,3.0,0,27.0,0,0,2.0,1,1.0,0,0,1
580,2,18.0,1,1,1056.0,0,1,3.0,0,1,3.0,1,30.0,1,0,2.0,0,1.0,0,0,0
581,2,12.0,1,1,3124.0,0,3,1.0,0,0,3.0,1,49.0,1,0,2.0,1,2.0,0,0,1
582,0,9.0,0,2,1388.0,0,0,4.0,1,0,2.0,1,26.0,0,1,1.0,0,1.0,0,0,1
583,2,36.0,0,6,2384.0,0,3,4.0,0,0,1.0,3,33.0,0,1,1.0,1,1.0,0,0,0
584,0,12.0,0,1,2133.0,1,1,4.0,1,0,4.0,3,52.0,0,2,1.0,2,1.0,1,0,1
585,1,18.0,0,2,2039.0,0,0,1.0,1,0,4.0,1,20.0,1,1,1.0,0,1.0,0,0,0
586,1,9.0,1,1,2799.0,0,0,2.0,0,0,2.0,1,36.0,0,1,2.0,0,2.0,0,0,1
587,1,12.0,0,2,1289.0,0,0,4.0,0,1,1.0,2,21.0,0,0,1.0,1,1.0,0,0,1
588,1,18.0,0,7,1217.0,0,0,4.0,2,0,3.0,1,47.0,0,0,1.0,1,1.0,1,0,0
589,1,12.0,1,2,2246.0,0,1,3.0,0,0,3.0,2,60.0,0,0,2.0,0,1.0,0,0,0
590,1,12.0,1,0,385.0,0,2,4.0,1,0,3.0,1,58.0,0,0,4.0,1,1.0,1,0,1
591,2,24.0,2,1,1965.0,1,0,4.0,1,0,4.0,0,42.0,0,1,2.0,0,1.0,1,0,1
592,0,21.0,0,4,1572.0,4,1,4.0,1,0,4.0,1,36.0,1,0,1.0,1,1.0,0,0,1
593,2,24.0,0,1,2718.0,0,0,3.0,1,0,4.0,2,20.0,0,1,1.0,1,1.0,1,0,0
594,1,24.0,3,8,1358.0,1,1,4.0,0,0,3.0,0,40.0,2,0,1.0,2,1.0,1,0,0
595,2,6.0,3,1,931.0,2,3,1.0,1,0,1.0,2,32.0,2,0,1.0,1,1.0,0,0,0
596,1,24.0,0,1,1442.0,0,2,4.0,1,0,4.0,0,23.0,0,1,2.0,0,1.0,0,0,0
597,2,24.0,4,4,4241.0,0,0,1.0,0,0,4.0,1,36.0,0,0,3.0,1,1.0,1,0,0
598,0,18.0,1,1,2775.0,0,2,2.0,0,0,2.0,2,31.0,1,0,2.0,0,1.0,0,0,0
599,0,24.0,2,4,3863.0,0,0,1.0,0,0,2.0,3,32.0,0,2,1.0,0,1.0,0,0,1
600,2,7.0,0,0,2329.0,0,3,1.0,1,1,1.0,1,45.0,0,0,1.0,0,1.0,0,0,1
601,2,9.0,0,2,918.0,0,0,4.0,1,0,1.0,2,30.0,0,0,1.0,0,1.0,0,0,0
602,2,24.0,3,5,1837.0,0,2,4.0,1,0,4.0,3,34.0,1,2,1.0,1,1.0,0,0,0
603,0,36.0,0,2,3349.0,0,0,4.0,1,0,2.0,0,28.0,0,0,1.0,2,1.0,1,0,0
604,3,10.0,0,2,1275.0,0,3,4.0,1,0,2.0,2,23.0,0,0,1.0,0,1.0,0,0,1
605,1,24.0,3,2,2828.0,3,0,4.0,0,0,4.0,1,22.0,2,0,1.0,0,1.0,1,0,1
606,0,24.0,1,4,4526.0,0,0,3.0,0,0,2.0,1,74.0,0,0,1.0,2,1.0,1,0,1
607,2,36.0,0,0,2671.0,2,0,4.0,1,2,4.0,3,50.0,0,2,1.0,0,1.0,0,0,0
608,0,18.0,0,0,2051.0,0,3,4.0,0,0,1.0,1,33.0,0,0,1.0,0,1.0,0,0,1
609,0,15.0,0,3,1300.0,1,1,4.0,0,0,4.0,3,45.0,1,2,1.0,0,2.0,0,0,1
610,1,12.0,0,7,741.0,2,4,4.0,1,0,3.0,2,22.0,0,0,1.0,0,1.0,0,0,0
611,3,10.0,0,1,1240.0,2,1,1.0,1,0,4.0,3,48.0,0,2,1.0,1,2.0,0,0,0
612,1,21.0,0,0,3357.0,4,3,4.0,1,0,2.0,0,29.0,1,0,1.0,0,1.0,0,0,1
613,1,24.0,3,3,3632.0,0,0,1.0,1,1,4.0,0,22.0,1,1,1.0,0,1.0,0,1,1
614,0,18.0,2,2,1808.0,0,2,4.0,1,0,1.0,1,22.0,0,0,1.0,0,1.0,0,0,0
615,2,48.0,4,4,12204.0,1,0,2.0,0,0,2.0,0,48.0,1,0,1.0,2,1.0,1,0,1
616,2,60.0,2,0,9157.0,1,0,2.0,0,0,2.0,3,27.0,0,2,1.0,2,1.0,0,0,1
617,1,6.0,1,1,3676.0,0,0,1.0,0,0,3.0,1,37.0,0,1,3.0,0,2.0,0,0,1
618,2,30.0,0,2,3441.0,2,0,2.0,1,2,4.0,0,21.0,0,1,1.0,0,1.0,0,0,0
619,0,12.0,0,1,640.0,0,0,4.0,3,0,2.0,1,49.0,0,0,1.0,1,1.0,0,0,1
620,2,21.0,1,4,3652.0,0,2,2.0,0,0,3.0,2,27.0,0,0,2.0,0,1.0,0,0,1
621,0,18.0,1,1,1530.0,0,0,3.0,0,0,2.0,2,32.0,1,0,2.0,0,1.0,0,0,0
622,0,48.0,0,4,3914.0,1,0,4.0,3,0,2.0,1,38.0,1,0,1.0,0,1.0,0,0,0
623,1,12.0,0,2,1858.0,0,3,4.0,1,0,1.0,0,22.0,0,1,1.0,0,1.0,0,0,1
624,1,18.0,0,0,2600.0,0,0,4.0,0,0,4.0,3,65.0,0,2,2.0,0,1.0,0,0,0
625,0,15.0,0,0,1979.0,1,1,4.0,0,0,2.0,0,35.0,0,0,1.0,0,1.0,0,0,1
626,3,6.0,0,2,2116.0,0,0,2.0,0,0,2.0,1,41.0,0,0,1.0,0,1.0,1,0,1
627,2,9.0,3,1,1437.0,2,2,2.0,0,0,3.0,3,29.0,0,0,1.0,0,1.0,0,0,0
628,0,42.0,1,2,4042.0,3,0,4.0,0,0,4.0,1,36.0,0,0,2.0,0,1.0,1,0,1
629,0,9.0,0,5,3832.0,1,1,1.0,0,0,4.0,1,64.0,0,0,1.0,1,1.0,0,0,1
630,1,24.0,0,0,3660.0,0,0,2.0,1,0,4.0,0,28.0,0,0,1.0,0,1.0,0,0,1
631,1,18.0,3,2,1553.0,0,0,4.0,0,0,3.0,0,44.0,1,0,1.0,0,1.0,0,0,0
632,2,15.0,0,0,1444.0,1,3,4.0,0,0,1.0,2,23.0,0,0,1.0,0,1.0,0,0,1
633,0,9.0,0,2,1980.0,0,3,2.0,1,2,2.0,0,19.0,0,1,2.0,0,1.0,0,0,0
634,2,24.0,0,1,1355.0,0,3,3.0,1,0,4.0,0,25.0,0,0,1.0,1,1.0,1,0,0
635,0,12.0,0,5,1393.0,0,1,4.0,0,0,4.0,2,47.0,1,0,3.0,0,2.0,1,0,1
636,0,24.0,0,0,1376.0,3,2,4.0,1,0,1.0,0,28.0,0,0,1.0,0,1.0,0,0,1
637,0,60.0,2,0,15653.0,0,2,2.0,0,0,4.0,0,21.0,0,0,2.0,0,1.0,1,0,1
638,0,12.0,0,0,1493.0,0,3,4.0,1,0,3.0,0,34.0,0,0,1.0,0,2.0,0,0,1
639,1,42.0,2,0,4370.0,0,2,3.0,0,0,2.0,2,26.0,1,0,2.0,0,2.0,1,0,0
640,1,18.0,0,5,750.0,0,4,4.0,1,0,1.0,1,27.0,0,0,1.0,3,1.0,0,0,0
641,2,15.0,0,6,1308.0,0,1,4.0,0,0,4.0,0,38.0,0,0,2.0,1,1.0,0,0,1
642,0,15.0,0,5,4623.0,2,0,3.0,0,0,2.0,2,40.0,0,0,1.0,2,1.0,1,0,0
643,0,24.0,1,0,1851.0,0,2,4.0,2,1,2.0,0,33.0,0,0,2.0,0,1.0,1,0,1
644,1,18.0,1,0,1880.0,0,2,4.0,2,0,1.0,2,32.0,0,0,2.0,2,1.0,1,0,1
645,0,36.0,2,4,7980.0,1,3,4.0,0,0,4.0,0,27.0,0,1,2.0,0,1.0,1,0,0
646,1,30.0,4,2,4583.0,0,0,2.0,3,1,2.0,1,32.0,0,0,2.0,0,1.0,0,0,1
647,0,12.0,0,1,1386.0,3,0,2.0,1,0,2.0,2,26.0,0,0,1.0,0,1.0,0,0,0
648,3,24.0,0,1,947.0,0,2,4.0,0,0,3.0,3,38.0,1,2,1.0,0,2.0,0,0,0
649,1,12.0,0,5,684.0,0,0,4.0,0,0,4.0,0,40.0,0,1,1.0,1,2.0,0,0,0
650,1,48.0,0,5,7476.0,0,2,4.0,0,0,1.0,3,50.0,0,2,1.0,2,1.0,1,0,1
651,2,12.0,0,2,1922.0,0,0,4.0,0,0,2.0,2,37.0,0,0,1.0,1,1.0,0,0,0
652,1,24.0,0,1,2303.0,0,1,4.0,0,2,1.0,1,45.0,0,0,1.0,0,1.0,0,0,0
653,2,36.0,2,1,8086.0,2,1,2.0,0,0,4.0,0,42.0,0,0,4.0,2,1.0,1,0,0
654,0,24.0,1,3,2346.0,0,2,4.0,0,0,3.0,0,35.0,0,0,2.0,0,1.0,1,0,1
655,1,14.0,0,1,3973.0,0,4,1.0,0,0,4.0,3,22.0,0,2,1.0,0,1.0,0,0,1
656,2,12.0,0,1,888.0,0,1,4.0,0,0,4.0,0,41.0,1,0,1.0,1,2.0,0,0,0
657,0,48.0,0,0,10222.0,1,2,4.0,0,0,3.0,0,37.0,2,0,1.0,0,1.0,1,0,1
658,2,30.0,4,4,4221.0,0,0,2.0,1,0,1.0,0,28.0,0,0,2.0,0,1.0,0,0,1
659,2,18.0,1,2,6361.0,0,1,2.0,0,0,1.0,3,41.0,0,0,1.0,0,1.0,1,0,1
660,3,12.0,0,0,1297.0,0,0,3.0,2,0,4.0,1,23.0,0,1,1.0,0,1.0,0,0,1
661,1,12.0,0,1,900.0,1,0,4.0,2,0,2.0,0,23.0,0,0,1.0,0,1.0,0,0,0
662,0,21.0,0,2,2241.0,0,1,4.0,0,0,2.0,1,50.0,0,0,2.0,0,1.0,0,0,1
663,2,6.0,2,2,1050.0,0,4,4.0,0,0,1.0,2,35.0,2,0,2.0,2,1.0,1,0,1
664,3,6.0,1,5,1047.0,0,0,2.0,1,0,4.0,2,50.0,0,0,1.0,1,1.0,0,0,1
665,0,24.0,1,8,6314.0,0,4,4.0,0,2,2.0,3,27.0,1,0,2.0,2,1.0,1,0,1
666,2,30.0,3,2,3496.0,4,0,4.0,0,0,2.0,0,34.0,2,0,1.0,0,2.0,1,0,1
667,0,48.0,3,4,3609.0,0,0,1.0,1,0,1.0,1,27.0,2,0,1.0,0,1.0,0,0,1
668,1,12.0,1,1,4843.0,0,1,3.0,0,2,4.0,2,43.0,0,1,2.0,0,1.0,1,0,0
669,3,30.0,1,0,3017.0,0,1,4.0,0,0,4.0,2,47.0,0,0,1.0,0,1.0,0,0,1
670,0,24.0,1,4,4139.0,2,0,3.0,0,0,3.0,2,27.0,0,0,2.0,1,1.0,1,0,1
671,0,36.0,0,4,5742.0,2,2,2.0,0,0,2.0,0,31.0,0,0,2.0,0,1.0,1,0,1
672,0,60.0,0,1,10366.0,0,1,2.0,0,0,4.0,2,42.0,0,0,1.0,2,1.0,1,0,1
673,0,6.0,1,1,2080.0,3,0,1.0,2,0,2.0,0,24.0,0,0,1.0,0,1.0,0,0,1
674,0,21.0,2,4,2580.0,3,3,4.0,0,0,2.0,1,41.0,1,0,1.0,1,2.0,0,0,0
675,0,30.0,1,0,4530.0,0,2,4.0,1,0,4.0,0,26.0,0,1,1.0,2,1.0,1,0,1
676,0,24.0,1,2,5150.0,0,1,4.0,0,0,4.0,0,33.0,0,0,1.0,0,1.0,1,0,1
677,2,72.0,0,0,5595.0,2,0,2.0,2,0,2.0,0,24.0,0,0,1.0,0,1.0,0,0,0
678,1,24.0,0,0,2384.0,0,1,4.0,0,0,4.0,1,64.0,1,1,1.0,1,1.0,0,0,1
679,0,18.0,0,0,1453.0,0,3,3.0,1,0,1.0,1,26.0,0,0,1.0,0,1.0,0,0,1
680,0,6.0,0,5,1538.0,0,3,1.0,1,0,2.0,3,56.0,0,0,1.0,0,1.0,0,0,1
681,0,12.0,0,0,2279.0,1,0,4.0,0,0,4.0,3,37.0,0,2,1.0,0,1.0,1,0,1
682,0,15.0,2,0,1478.0,0,0,4.0,2,0,3.0,1,33.0,1,0,2.0,0,1.0,0,0,1
683,0,24.0,1,0,5103.0,0,3,3.0,2,0,3.0,3,47.0,0,2,3.0,0,1.0,1,0,1
684,2,36.0,2,4,9857.0,2,2,1.0,0,0,3.0,2,31.0,0,0,2.0,1,2.0,1,0,1
685,0,60.0,0,1,6527.0,1,0,4.0,0,0,4.0,3,34.0,0,2,1.0,0,2.0,1,0,1
686,3,10.0,1,0,1347.0,1,2,4.0,0,0,2.0,2,27.0,0,0,2.0,0,1.0,1,0,1
687,2,36.0,2,1,2862.0,2,1,4.0,0,0,3.0,3,30.0,0,2,1.0,0,1.0,0,0,1
688,0,9.0,0,0,2753.0,2,1,3.0,0,2,4.0,0,35.0,0,0,1.0,0,1.0,1,0,1
689,1,12.0,0,1,3651.0,4,0,1.0,0,0,3.0,2,31.0,0,0,1.0,0,2.0,0,0,1
690,1,15.0,1,2,975.0,0,0,2.0,3,0,3.0,2,25.0,0,0,2.0,0,1.0,0,0,1
691,2,15.0,0,6,2631.0,2,0,3.0,1,0,2.0,1,25.0,0,0,1.0,1,1.0,0,0,1
692,2,24.0,0,0,2896.0,2,3,2.0,0,0,1.0,0,29.0,0,0,1.0,0,1.0,0,0,1
693,1,6.0,1,1,4716.0,1,3,1.0,0,0,3.0,1,44.0,0,0,2.0,1,2.0,0,0,1
694,0,24.0,0,0,2284.0,0,2,4.0,0,0,2.0,0,28.0,0,0,1.0,0,1.0,1,0,1
695,0,6.0,0,3,1236.0,3,0,2.0,0,0,4.0,2,50.0,0,1,1.0,0,1.0,0,0,1
696,2,12.0,0,0,1103.0,0,2,4.0,0,1,3.0,1,29.0,0,0,2.0,0,1.0,0,1,1
697,0,12.0,1,1,926.0,0,4,1.0,1,0,2.0,2,38.0,0,0,1.0,3,1.0,0,0,1
698,0,18.0,1,0,1800.0,0,0,4.0,0,0,2.0,0,24.0,0,0,2.0,0,1.0,0,0,1
699,3,15.0,0,5,1905.0,0,1,4.0,0,0,4.0,0,40.0,0,1,1.0,2,1.0,1,0,1
700,0,12.0,0,2,1123.0,3,0,4.0,1,0,4.0,0,29.0,0,1,1.0,1,1.0,0,0,0
701,1,48.0,1,3,6331.0,0,1,4.0,0,0,4.0,3,46.0,0,2,2.0,0,1.0,1,0,0
702,3,24.0,0,0,1377.0,2,1,4.0,1,0,2.0,3,47.0,0,2,1.0,0,1.0,1,0,1
703,2,30.0,2,4,2503.0,2,1,4.0,0,0,2.0,2,41.0,2,0,2.0,0,1.0,0,0,1
704,2,27.0,0,4,2528.0,0,3,4.0,1,0,1.0,2,32.0,0,0,1.0,0,2.0,1,0,1
705,0,15.0,0,1,5324.0,3,1,1.0,1,0,4.0,3,35.0,0,2,1.0,0,1.0,0,0,1
706,2,48.0,0,1,6560.0,2,2,3.0,0,0,2.0,2,24.0,0,0,1.0,0,1.0,0,0,0
707,2,12.0,4,2,2969.0,0,3,4.0,1,0,3.0,2,25.0,0,1,2.0,0,1.0,0,0,0
708,2,9.0,0,0,1206.0,0,1,4.0,1,0,4.0,1,25.0,0,0,1.0,0,1.0,0,0,1
709,2,9.0,0,0,2118.0,0,0,2.0,0,0,2.0,1,37.0,0,0,1.0,1,2.0,0,0,1
710,0,18.0,1,0,629.0,3,1,4.0,0,0,3.0,2,32.0,1,0,2.0,2,1.0,1,0,1
711,1,6.0,3,5,1198.0,0,1,4.0,1,0,4.0,3,35.0,0,2,1.0,0,1.0,0,0,0
712,0,21.0,0,3,2476.0,1,1,4.0,0,0,4.0,1,46.0,0,0,1.0,2,1.0,1,0,1
713,1,9.0,1,0,1138.0,0,0,4.0,0,0,4.0,1,25.0,0,0,2.0,1,1.0,0,0,1
714,2,60.0,0,1,14027.0,0,2,4.0,0,0,2.0,3,27.0,0,0,1.0,2,1.0,1,0,0
715,0,30.0,1,3,7596.0,1,1,1.0,0,0,4.0,0,63.0,0,0,2.0,0,1.0,0,0,1
716,0,30.0,1,0,3077.0,1,1,3.0,0,0,2.0,0,40.0,0,0,2.0,0,2.0,1,0,1
717,0,18.0,0,0,1505.0,0,0,4.0,0,0,2.0,3,32.0,0,2,1.0,2,1.0,1,0,1
718,3,24.0,1,0,3148.0,1,0,3.0,0,0,2.0,0,31.0,0,0,2.0,0,1.0,1,0,1
719,2,20.0,4,3,6148.0,2,1,3.0,2,0,4.0,0,31.0,1,0,2.0,0,1.0,1,0,1
720,3,9.0,4,0,1337.0,0,3,4.0,0,0,2.0,0,34.0,0,0,2.0,2,1.0,1,0,0
721,2,6.0,3,5,433.0,4,3,4.0,1,0,2.0,2,24.0,1,1,1.0,0,2.0,0,0,0
722,1,12.0,0,1,1228.0,0,0,4.0,1,0,2.0,1,24.0,0,0,1.0,1,1.0,0,0,0
723,2,9.0,0,0,790.0,3,0,4.0,1,0,3.0,1,66.0,0,0,1.0,1,1.0,0,0,1
724,0,27.0,0,1,2570.0,0,0,3.0,1,0,3.0,1,21.0,0,1,1.0,0,1.0,0,0,0
725,0,6.0,1,1,250.0,4,0,2.0,1,0,2.0,1,41.0,1,0,2.0,1,1.0,0,0,1
726,0,15.0,1,0,1316.0,3,0,2.0,2,0,2.0,2,47.0,0,0,2.0,1,1.0,0,0,1
727,1,18.0,0,0,1882.0,0,0,4.0,1,0,4.0,0,25.0,1,1,2.0,0,1.0,0,0,0
728,2,48.0,3,4,6416.0,0,1,4.0,1,0,3.0,3,59.0,0,1,1.0,0,1.0,0,0,0
729,3,24.0,1,4,1275.0,4,0,2.0,3,0,4.0,1,36.0,0,0,2.0,0,1.0,1,0,1
730,2,24.0,2,0,6403.0,0,3,1.0,0,0,2.0,0,33.0,0,0,1.0,0,1.0,0,0,1
731,1,24.0,0,0,1987.0,0,0,2.0,0,0,4.0,1,21.0,0,1,1.0,1,2.0,0,0,0
732,2,8.0,0,0,760.0,0,2,4.0,1,1,2.0,1,44.0,0,0,1.0,1,1.0,0,0,1
733,0,24.0,0,3,2603.0,4,0,2.0,1,0,4.0,0,28.0,0,1,1.0,0,1.0,1,0,1
734,0,4.0,1,1,3380.0,0,2,1.0,1,0,1.0,1,37.0,0,0,1.0,0,2.0,0,0,1
735,2,36.0,3,7,3990.0,1,3,3.0,1,0,2.0,3,29.0,1,0,1.0,3,1.0,0,0,1
736,2,24.0,0,3,11560.0,0,0,1.0,1,0,4.0,0,23.0,0,1,2.0,2,1.0,0,0,0
737,1,18.0,0,1,4380.0,2,0,3.0,0,0,4.0,0,35.0,0,0,1.0,1,2.0,1,0,1
738,0,6.0,1,1,6761.0,0,2,1.0,0,0,3.0,3,45.0,0,0,2.0,2,2.0,1,0,1
739,2,30.0,4,4,4280.0,2,0,4.0,1,0,4.0,0,26.0,0,1,2.0,1,1.0,0,0,0
740,1,24.0,3,1,2325.0,2,2,2.0,0,0,3.0,0,32.0,1,0,1.0,0,1.0,0,0,1
741,2,10.0,3,0,1048.0,0,0,4.0,0,0,4.0,1,23.0,2,0,1.0,1,1.0,0,0,1
742,0,21.0,0,0,3160.0,1,1,4.0,0,0,3.0,2,41.0,0,0,1.0,0,1.0,1,0,1
743,1,24.0,3,2,2483.0,3,0,4.0,0,0,4.0,1,22.0,2,0,1.0,0,1.0,1,0,1
744,1,39.0,1,2,14179.0,1,2,4.0,0,0,4.0,2,30.0,0,0,2.0,2,1.0,1,0,1
745,1,13.0,1,4,1797.0,0,3,3.0,0,0,1.0,2,28.0,1,0,2.0,1,1.0,0,0,1
746,1,15.0,0,1,2511.0,0,4,1.0,1,0,4.0,0,23.0,0,1,1.0,0,1.0,0,0,1
747,1,12.0,0,1,1274.0,0,3,3.0,1,0,1.0,1,37.0,0,0,1.0,1,1.0,0,0,0
748,0,21.0,0,3,5248.0,1,0,1.0,0,0,3.0,0,26.0,0,0,1.0,0,1.0,0,0,1
749,0,15.0,0,3,3029.0,0,2,2.0,0,0,2.0,0,33.0,0,0,1.0,0,1.0,0,0,1
750,1,6.0,0,2,428.0,0,1,2.0,1,0,1.0,2,49.0,1,0,1.0,0,1.0,1,0,1
751,1,18.0,0,1,976.0,0,3,1.0,1,0,2.0,0,23.0,0,0,1.0,1,1.0,0,0,0
752,2,12.0,0,4,841.0,2,2,2.0,1,0,4.0,1,23.0,0,1,1.0,1,1.0,0,0,1
753,0,30.0,1,0,5771.0,0,2,4.0,1,0,2.0,0,25.0,0,0,2.0,0,1.0,0,0,1
754,0,12.0,2,6,1555.0,4,1,4.0,0,0,4.0,3,55.0,0,2,2.0,0,2.0,0,0,0
755,1,24.0,0,1,1285.0,1,2,4.0,1,0,4.0,3,32.0,0,1,1.0,0,1.0,0,0,0
756,3,6.0,1,1,1299.0,0,0,1.0,0,0,1.0,1,74.0,0,0,3.0,3,2.0,0,1,1
757,3,15.0,1,0,1271.0,1,0,3.0,0,0,4.0,3,39.0,0,2,2.0,0,1.0,1,0,0
758,0,24.0,0,1,1393.0,0,0,2.0,0,1,2.0,1,31.0,0,0,1.0,0,1.0,1,0,1
759,1,12.0,1,1,691.0,0,1,4.0,0,0,3.0,2,35.0,0,0,2.0,0,1.0,0,0,0
760,0,15.0,1,1,5045.0,1,1,1.0,1,0,4.0,0,59.0,0,0,1.0,0,1.0,1,0,1
761,1,18.0,1,2,2124.0,0,0,4.0,1,0,4.0,1,24.0,0,1,2.0,0,1.0,0,0,0
762,1,12.0,0,0,2214.0,0,0,4.0,0,0,3.0,2,24.0,0,0,1.0,1,1.0,0,0,1
763,0,21.0,1,1,12680.0,1,1,4.0,0,0,4.0,3,30.0,0,2,1.0,2,1.0,1,0,0
764,0,24.0,1,1,2463.0,2,2,4.0,2,0,3.0,2,27.0,0,0,2.0,0,1.0,1,0,1
765,2,12.0,0,0,1155.0,0,1,3.0,2,1,3.0,1,40.0,1,0,2.0,1,1.0,0,0,1
766,1,30.0,0,2,3108.0,0,3,2.0,3,0,4.0,2,31.0,0,0,1.0,1,1.0,0,0,0
767,0,10.0,0,3,2901.0,1,3,1.0,1,0,4.0,1,31.0,0,1,1.0,0,1.0,0,0,1
768,2,12.0,1,2,3617.0,0,1,1.0,0,0,4.0,0,28.0,0,1,3.0,0,1.0,1,0,1
769,0,12.0,1,0,1655.0,0,1,2.0,0,0,4.0,1,63.0,0,0,2.0,1,1.0,1,0,1
770,1,24.0,0,3,2812.0,1,1,2.0,1,0,4.0,1,26.0,0,1,1.0,0,1.0,0,0,1
771,1,36.0,1,5,8065.0,0,0,3.0,1,0,2.0,3,25.0,0,0,2.0,2,1.0,1,0,0
772,0,21.0,1,3,3275.0,0,1,1.0,0,0,4.0,0,36.0,0,0,1.0,2,1.0,1,0,1
773,0,24.0,1,0,2223.0,2,1,4.0,0,0,4.0,2,52.0,1,0,2.0,0,1.0,0,0,1
774,3,12.0,1,1,1480.0,3,4,2.0,0,0,4.0,3,66.0,1,2,3.0,3,1.0,0,0,1
775,1,24.0,0,1,1371.0,1,0,4.0,1,0,4.0,1,25.0,0,1,1.0,0,1.0,0,0,0
776,0,36.0,1,1,3535.0,0,2,4.0,0,0,4.0,0,37.0,0,0,2.0,0,1.0,1,0,1
777,1,18.0,0,0,3509.0,0,2,4.0,1,1,1.0,1,25.0,0,0,1.0,0,1.0,0,0,1
778,0,36.0,1,3,5711.0,4,1,4.0,0,0,2.0,0,38.0,0,0,2.0,2,1.0,1,0,1
779,2,18.0,0,6,3872.0,0,4,2.0,1,0,4.0,0,67.0,0,0,1.0,0,1.0,1,0,1
780,2,39.0,1,0,4933.0,0,2,2.0,0,1,2.0,1,25.0,0,0,2.0,0,1.0,0,0,0
781,0,24.0,1,1,1940.0,4,1,4.0,0,0,4.0,1,60.0,0,0,1.0,0,1.0,1,0,1
782,2,12.0,4,9,1410.0,0,0,2.0,0,0,2.0,1,31.0,0,0,1.0,1,1.0,1,0,1
783,2,12.0,0,1,836.0,2,3,4.0,1,0,2.0,2,23.0,1,0,1.0,1,1.0,0,0,0
784,2,20.0,0,3,6468.0,1,4,1.0,3,0,4.0,1,60.0,0,0,1.0,2,1.0,1,0,1
785,2,18.0,0,4,1941.0,4,0,4.0,0,0,2.0,2,35.0,0,0,1.0,1,1.0,1,0,1
786,0,22.0,0,0,2675.0,3,1,3.0,0,0,4.0,0,40.0,0,0,1.0,0,1.0,0,0,1
787,0,48.0,1,3,2751.0,1,1,4.0,0,0,3.0,0,38.0,0,0,2.0,0,2.0,1,0,1
788,2,48.0,2,5,6224.0,0,1,4.0,0,0,4.0,3,50.0,0,2,1.0,0,1.0,0,0,0
789,1,40.0,1,5,5998.0,0,0,4.0,0,0,3.0,3,27.0,1,0,1.0,0,1.0,1,0,0
790,2,21.0,0,4,1188.0,0,1,2.0,1,0,4.0,2,39.0,0,0,1.0,0,2.0,0,0,0
791,0,24.0,0,3,6313.0,1,1,3.0,0,0,4.0,0,41.0,0,0,1.0,2,2.0,1,0,1
792,0,6.0,1,2,1221.0,1,0,1.0,2,0,2.0,2,27.0,0,0,2.0,0,1.0,0,0,1
793,3,24.0,0,2,2892.0,0,1,3.0,3,0,4.0,3,51.0,0,2,1.0,0,1.0,0,0,1
794,0,24.0,0,2,3062.0,3,1,4.0,0,0,3.0,3,32.0,0,1,1.0,0,1.0,1,0,1
795,0,9.0,0,2,2301.0,2,3,2.0,1,0,4.0,2,22.0,0,1,1.0,0,1.0,0,0,1
796,1,18.0,0,3,7511.0,1,1,1.0,0,0,4.0,2,51.0,0,2,1.0,0,2.0,1,0,0
797,0,12.0,1,2,1258.0,0,3,2.0,1,0,4.0,2,22.0,0,1,2.0,1,1.0,0,0,1
798,0,24.0,2,1,717.0,1,1,4.0,2,0,4.0,0,54.0,0,0,2.0,0,1.0,1,0,1
799,2,9.0,0,1,1549.0,1,3,4.0,0,0,2.0,1,35.0,0,0,1.0,3,1.0,0,0,1
800,0,24.0,1,5,1597.0,0,1,4.0,0,0,4.0,3,54.0,0,2,2.0,0,2.0,0,0,1
801,2,18.0,1,0,1795.0,0,1,3.0,1,1,4.0,1,48.0,1,1,2.0,1,1.0,1,0,1
802,1,20.0,1,2,4272.0,0,1,1.0,1,0,4.0,2,24.0,0,0,2.0,0,1.0,0,0,1
803,0,12.0,1,0,976.0,1,1,4.0,0,0,4.0,0,35.0,0,0,2.0,0,1.0,0,0,1
804,2,12.0,0,1,7472.0,1,4,1.0,1,0,2.0,1,24.0,0,1,1.0,3,1.0,0,0,1
805,1,36.0,0,1,9271.0,0,2,2.0,0,0,1.0,0,24.0,0,0,1.0,0,1.0,1,0,0
806,2,6.0,0,0,590.0,0,3,3.0,2,0,3.0,1,26.0,0,0,1.0,1,1.0,0,1,1
807,0,12.0,1,0,930.0,1,1,4.0,0,0,4.0,1,65.0,0,0,4.0,0,1.0,0,0,1
808,2,42.0,3,3,9283.0,0,4,1.0,0,0,2.0,3,55.0,1,2,1.0,2,1.0,1,0,1
809,2,15.0,4,1,1778.0,0,3,2.0,1,0,1.0,1,26.0,0,1,2.0,3,1.0,0,0,0
810,2,8.0,0,4,907.0,0,3,3.0,2,0,2.0,1,26.0,0,0,1.0,0,1.0,1,0,1
811,2,6.0,0,0,484.0,0,2,3.0,2,1,3.0,1,28.0,1,0,1.0,1,1.0,0,0,1
812,1,36.0,1,3,9629.0,0,2,4.0,0,0,4.0,0,24.0,0,0,2.0,0,1.0,1,0,0
813,1,48.0,0,7,3051.0,0,0,3.0,0,0,4.0,0,54.0,0,0,1.0,0,1.0,0,0,0
814,1,48.0,0,1,3931.0,0,2,4.0,0,0,4.0,3,46.0,0,2,1.0,0,2.0,0,0,0
815,2,36.0,2,1,7432.0,0,0,2.0,1,0,2.0,2,54.0,0,1,1.0,0,1.0,0,0,1
816,0,6.0,0,7,1338.0,3,0,1.0,3,0,4.0,1,62.0,0,0,1.0,0,1.0,0,0,1
817,0,6.0,1,0,1554.0,0,2,1.0,1,0,2.0,0,24.0,0,1,2.0,0,1.0,1,0,1
818,1,36.0,0,8,15857.0,0,4,2.0,3,2,3.0,0,43.0,0,0,1.0,2,1.0,0,0,1
819,1,18.0,0,0,1345.0,0,0,4.0,2,0,3.0,1,26.0,1,0,1.0,0,1.0,0,0,0
820,0,12.0,0,1,1101.0,0,0,3.0,2,0,2.0,1,27.0,0,0,2.0,0,1.0,1,0,1
821,3,12.0,0,0,3016.0,0,0,3.0,2,0,1.0,0,24.0,0,0,1.0,0,1.0,0,0,1
822,1,36.0,0,2,2712.0,0,1,2.0,0,0,2.0,2,41.0,1,0,1.0,0,2.0,0,0,0
823,1,8.0,1,1,731.0,0,1,4.0,0,0,4.0,1,47.0,0,0,2.0,1,1.0,0,0,1
824,0,18.0,1,2,3780.0,0,3,3.0,3,0,2.0,0,35.0,0,0,2.0,2,1.0,1,0,1
825,1,21.0,1,1,1602.0,0,1,4.0,2,0,3.0,0,30.0,0,0,2.0,0,1.0,1,0,1
826,1,18.0,1,1,3966.0,0,1,1.0,1,0,4.0,1,33.0,1,1,3.0,0,1.0,1,0,0
827,0,18.0,4,4,4165.0,0,0,2.0,0,0,2.0,0,36.0,2,0,2.0,0,2.0,0,0,0
828,1,36.0,0,3,8335.0,1,1,3.0,0,0,4.0,3,47.0,0,2,1.0,0,1.0,0,0,0
829,2,48.0,2,4,6681.0,1,0,4.0,0,0,4.0,3,38.0,0,2,1.0,0,2.0,1,0,1
830,0,24.0,2,4,2375.0,3,0,4.0,0,0,2.0,0,44.0,0,0,2.0,0,2.0,1,0,1
831,1,18.0,0,1,1216.0,0,3,4.0,1,0,3.0,0,23.0,0,1,1.0,0,1.0,1,0,0
832,1,45.0,4,4,11816.0,0,1,2.0,0,0,4.0,0,29.0,0,1,2.0,0,1.0,0,0,0
833,2,24.0,0,0,5084.0,1,1,2.0,1,0,4.0,0,42.0,0,0,1.0,0,1.0,1,0,1
834,3,15.0,0,0,2327.0,0,3,2.0,1,0,3.0,1,25.0,0,0,1.0,1,1.0,0,0,0
835,1,12.0,4,1,1082.0,0,0,4.0,0,0,4.0,0,48.0,1,0,2.0,0,1.0,0,0,0
836,0,12.0,0,0,886.0,1,0,4.0,1,0,2.0,0,21.0,0,0,1.0,0,1.0,0,0,1
837,0,4.0,0,2,601.0,0,3,1.0,1,0,3.0,1,23.0,0,1,1.0,1,2.0,0,0,1
838,1,24.0,1,3,2957.0,0,1,4.0,0,0,4.0,2,63.0,0,0,2.0,0,1.0,1,0,1
839,0,24.0,1,0,2611.0,0,1,4.0,2,2,3.0,1,46.0,0,0,2.0,0,1.0,0,0,1
840,1,36.0,0,2,5179.0,0,2,4.0,0,0,2.0,2,29.0,0,0,1.0,0,1.0,0,0,0
841,0,21.0,2,3,2993.0,0,0,3.0,0,0,2.0,1,28.0,2,0,2.0,1,1.0,0,0,1
842,0,18.0,0,6,1943.0,0,3,4.0,1,0,4.0,1,23.0,0,0,1.0,0,1.0,0,0,0
843,0,24.0,3,4,1559.0,0,2,4.0,0,0,4.0,0,50.0,1,0,1.0,0,1.0,1,0,1
844,0,18.0,0,2,3422.0,0,1,4.0,0,0,4.0,2,47.0,1,0,3.0,0,2.0,1,0,1
845,2,21.0,0,2,3976.0,1,2,2.0,0,0,3.0,0,35.0,0,0,1.0,0,1.0,1,0,1
846,0,18.0,0,1,6761.0,1,0,2.0,0,0,4.0,0,68.0,0,1,2.0,0,1.0,0,0,0
847,0,24.0,0,1,1249.0,0,3,4.0,2,0,2.0,1,28.0,0,0,1.0,0,1.0,0,0,1
848,1,9.0,0,0,1364.0,0,2,3.0,0,0,4.0,1,59.0,0,0,1.0,0,1.0,0,0,1
849,1,12.0,0,0,709.0,0,1,4.0,0,0,4.0,1,57.0,2,0,1.0,1,1.0,0,0,0
850,1,20.0,1,1,2235.0,0,0,4.0,2,1,2.0,2,33.0,1,1,2.0,0,1.0,0,1,0
851,0,24.0,1,3,4042.0,1,2,3.0,0,0,4.0,2,43.0,0,0,2.0,0,1.0,1,0,1
852,0,15.0,1,0,1471.0,0,0,4.0,0,0,4.0,3,35.0,0,2,2.0,0,1.0,1,0,1
853,1,18.0,3,1,1442.0,0,2,4.0,0,0,4.0,3,32.0,0,2,2.0,1,2.0,0,0,0
854,0,36.0,2,1,10875.0,0,1,2.0,0,0,2.0,0,45.0,0,0,2.0,0,2.0,1,0,1
855,0,24.0,0,1,1474.0,2,3,4.0,2,0,3.0,1,33.0,0,0,1.0,0,1.0,1,0,1
856,0,10.0,0,9,894.0,1,2,4.0,1,0,3.0,2,40.0,0,0,1.0,0,1.0,1,0,1
857,0,15.0,1,2,3343.0,0,0,4.0,0,0,2.0,3,28.0,0,2,1.0,0,1.0,1,0,1
858,1,15.0,0,1,3959.0,0,0,3.0,1,0,2.0,2,29.0,0,0,1.0,0,1.0,1,0,0
859,0,9.0,0,1,3577.0,2,0,1.0,0,1,2.0,1,26.0,0,1,1.0,0,2.0,0,1,1
860,0,24.0,1,3,5804.0,4,0,4.0,0,0,2.0,1,27.0,0,0,2.0,0,1.0,0,0,1
861,0,18.0,2,4,2169.0,0,0,4.0,2,0,2.0,0,28.0,0,0,1.0,0,1.0,1,0,0
862,1,24.0,0,0,2439.0,0,3,4.0,1,0,4.0,1,35.0,0,0,1.0,0,1.0,1,0,0
863,0,27.0,1,2,4526.0,4,3,4.0,0,0,2.0,1,32.0,2,0,2.0,1,2.0,1,0,1
864,0,10.0,0,2,2210.0,0,0,2.0,0,0,2.0,1,25.0,1,1,1.0,1,1.0,0,0,0
865,0,15.0,0,2,2221.0,3,0,2.0,1,0,4.0,0,20.0,0,1,1.0,0,1.0,0,0,1
866,1,18.0,0,0,2389.0,0,3,4.0,1,0,1.0,0,27.0,2,0,1.0,0,1.0,0,0,1
867,0,12.0,1,2,3331.0,0,1,2.0,0,0,4.0,2,42.0,2,0,1.0,0,1.0,0,0,1
868,0,36.0,0,4,7409.0,1,1,3.0,0,0,2.0,2,37.0,0,0,2.0,0,1.0,0,0,1
869,1,12.0,0,2,652.0,0,1,4.0,1,0,4.0,2,24.0,0,1,1.0,0,1.0,0,0,1
870,0,36.0,2,2,7678.0,3,2,2.0,1,0,4.0,0,40.0,0,0,2.0,0,1.0,1,0,1
871,3,6.0,1,1,1343.0,0,1,1.0,0,0,4.0,1,46.0,0,0,2.0,0,2.0,0,1,1
872,1,24.0,1,4,1382.0,2,2,4.0,0,0,1.0,1,26.0,0,0,2.0,0,1.0,1,0,1
873,0,15.0,0,7,874.0,1,3,4.0,1,0,1.0,1,24.0,0,0,1.0,0,1.0,0,0,1
874,1,12.0,0,2,3590.0,0,0,2.0,0,2,2.0,2,29.0,0,0,1.0,1,2.0,0,0,1
875,2,11.0,1,1,1322.0,4,0,4.0,1,0,4.0,0,40.0,0,0,2.0,0,1.0,0,0,1
876,1,18.0,3,0,1940.0,0,3,3.0,0,2,4.0,3,36.0,1,2,1.0,2,1.0,1,0,1
877,0,36.0,0,0,3595.0,0,1,4.0,0,0,2.0,0,28.0,0,0,1.0,0,1.0,0,0,1
878,1,9.0,0,1,1422.0,0,3,3.0,0,0,2.0,3,27.0,0,2,1.0,2,1.0,1,0,0
879,0,30.0,1,0,6742.0,1,2,2.0,0,0,3.0,2,36.0,0,0,2.0,0,1.0,0,0,1
880,0,24.0,0,3,7814.0,0,2,3.0,0,0,3.0,0,38.0,0,0,1.0,2,1.0,1,0,1
881,0,24.0,0,3,9277.0,1,0,2.0,3,0,4.0,3,48.0,0,2,1.0,0,1.0,1,0,1
882,2,30.0,1,1,2181.0,1,1,4.0,0,0,4.0,1,36.0,0,0,2.0,0,1.0,0,0,1
883,0,18.0,1,0,1098.0,0,4,4.0,1,0,4.0,0,65.0,0,0,2.0,3,1.0,0,0,1
884,2,24.0,0,2,4057.0,0,2,3.0,3,0,3.0,0,43.0,0,0,1.0,0,1.0,1,0,0
885,1,12.0,0,5,795.0,0,3,4.0,1,0,4.0,2,53.0,0,0,1.0,0,1.0,0,0,0
886,2,24.0,1,4,2825.0,1,2,4.0,0,0,3.0,3,34.0,0,0,2.0,0,2.0,1,0,1
887,2,48.0,0,4,15672.0,0,0,2.0,0,0,2.0,0,23.0,0,0,1.0,0,1.0,1,0,0
888,0,36.0,1,1,6614.0,0,1,4.0,0,0,4.0,0,34.0,0,0,2.0,2,1.0,1,0,1
889,0,28.0,3,3,7824.0,1,3,3.0,0,1,4.0,1,40.0,1,1,2.0,0,2.0,1,0,1
890,1,27.0,1,4,2442.0,0,1,4.0,0,0,4.0,0,43.0,2,0,4.0,2,2.0,1,0,1
891,0,15.0,1,0,1829.0,0,1,4.0,0,0,4.0,0,46.0,0,0,2.0,0,1.0,1,0,1
892,1,12.0,1,1,2171.0,0,0,4.0,0,0,4.0,2,38.0,1,0,2.0,1,1.0,0,1,1
893,2,36.0,1,3,5800.0,0,0,3.0,0,0,4.0,0,34.0,0,0,2.0,0,1.0,1,0,1
894,0,18.0,1,0,1169.0,1,0,4.0,0,0,3.0,2,29.0,0,0,2.0,0,1.0,1,0,1
895,0,36.0,2,3,8947.0,1,2,3.0,0,0,2.0,0,31.0,2,0,1.0,2,2.0,1,0,1
896,1,21.0,0,0,2606.0,0,3,4.0,1,0,4.0,2,28.0,0,1,1.0,2,1.0,1,0,1
897,0,12.0,1,2,1592.0,4,2,3.0,1,0,2.0,2,35.0,0,0,1.0,0,1.0,0,1,1
898,0,15.0,0,2,2186.0,1,2,1.0,1,0,4.0,1,33.0,1,1,1.0,1,1.0,0,0,1
899,1,18.0,0,2,4153.0,0,0,2.0,0,2,3.0,0,42.0,0,0,1.0,0,1.0,0,0,0
900,1,16.0,1,1,2625.0,0,1,2.0,0,1,4.0,2,43.0,1,1,1.0,0,1.0,1,0,0
901,0,20.0,1,1,3485.0,1,3,2.0,3,0,4.0,1,44.0,0,0,2.0,0,1.0,1,0,1
902,0,36.0,1,3,10477.0,1,1,2.0,0,0,4.0,3,42.0,0,2,2.0,0,1.0,0,0,1
903,0,15.0,0,0,1386.0,1,0,4.0,2,0,2.0,1,40.0,0,1,1.0,0,1.0,1,0,1
904,0,24.0,0,0,1278.0,0,1,4.0,0,0,1.0,1,36.0,0,0,1.0,2,1.0,1,0,1
905,1,12.0,0,0,1107.0,0,0,2.0,0,0,2.0,1,20.0,0,1,1.0,2,2.0,1,0,1
906,1,21.0,0,1,3763.0,1,2,2.0,0,2,2.0,1,24.0,0,0,1.0,1,1.0,0,1,1
907,2,36.0,0,5,3711.0,1,0,2.0,2,0,2.0,0,27.0,0,0,1.0,0,1.0,0,0,1
908,0,15.0,2,3,3594.0,0,3,1.0,1,0,2.0,2,46.0,0,0,2.0,1,1.0,0,0,1
909,2,9.0,0,1,3195.0,1,0,1.0,1,0,2.0,1,33.0,0,0,1.0,1,1.0,0,0,1
910,0,36.0,2,0,4454.0,0,0,4.0,1,0,4.0,1,34.0,0,0,2.0,0,1.0,0,0,1
911,2,24.0,1,2,4736.0,0,3,2.0,1,0,4.0,0,25.0,1,0,1.0,1,1.0,0,0,0
912,2,30.0,0,0,2991.0,1,1,2.0,1,0,4.0,0,25.0,0,0,1.0,0,1.0,0,0,1
913,0,11.0,0,4,2142.0,4,1,1.0,3,0,2.0,1,28.0,0,0,1.0,0,1.0,1,0,1
914,1,24.0,3,4,3161.0,0,0,4.0,0,0,2.0,2,31.0,0,1,1.0,0,1.0,1,0,0
915,2,48.0,4,8,18424.0,0,0,1.0,1,0,2.0,2,32.0,1,0,1.0,2,1.0,1,1,0
916,0,10.0,0,3,2848.0,2,0,1.0,0,2,2.0,1,32.0,0,0,1.0,0,2.0,0,0,1
917,1,6.0,0,1,14896.0,0,1,1.0,0,0,4.0,3,68.0,1,0,1.0,2,1.0,1,0,0
918,1,24.0,0,2,2359.0,2,4,1.0,3,0,1.0,2,33.0,0,0,1.0,0,1.0,0,0,0
919,1,24.0,0,2,3345.0,0,1,4.0,0,0,2.0,2,39.0,0,1,1.0,2,1.0,1,0,0
920,0,18.0,1,2,1817.0,0,0,4.0,1,0,2.0,3,28.0,0,0,2.0,0,1.0,0,0,1
921,0,48.0,2,0,12749.0,3,2,4.0,0,0,1.0,0,37.0,0,0,1.0,2,1.0,1,0,1
922,1,9.0,0,0,1366.0,0,3,3.0,1,0,4.0,2,22.0,0,1,1.0,0,1.0,0,0,0
923,2,12.0,0,1,2002.0,0,2,3.0,0,0,4.0,2,30.0,0,1,1.0,0,2.0,1,0,1
924,1,24.0,3,2,6872.0,0,3,2.0,3,0,1.0,2,55.0,1,0,1.0,0,1.0,1,0,0
925,1,12.0,3,1,697.0,0,3,4.0,0,0,2.0,0,46.0,1,0,2.0,0,1.0,1,0,0
926,1,18.0,1,2,1049.0,0,3,4.0,1,0,4.0,2,21.0,0,1,1.0,0,1.0,0,0,1
927,1,48.0,0,3,10297.0,0,2,4.0,0,0,4.0,3,39.0,2,2,3.0,0,2.0,1,0,0
928,0,30.0,0,0,1867.0,1,1,4.0,0,0,4.0,0,58.0,0,0,1.0,0,1.0,1,0,1
929,1,12.0,2,1,1344.0,0,0,4.0,0,0,2.0,1,43.0,0,0,2.0,1,2.0,0,0,1
930,1,24.0,0,2,1747.0,0,3,4.0,0,2,1.0,2,24.0,0,0,1.0,1,1.0,0,1,1
931,2,9.0,0,0,1670.0,0,3,4.0,1,0,2.0,0,22.0,0,0,1.0,0,1.0,1,0,0
932,0,9.0,1,1,1224.0,0,0,3.0,0,0,1.0,1,30.0,0,0,2.0,0,1.0,0,0,1
933,0,12.0,1,0,522.0,3,1,4.0,0,0,4.0,2,42.0,0,0,2.0,0,2.0,1,0,1
934,1,12.0,0,0,1498.0,0,0,4.0,1,0,1.0,0,23.0,1,0,1.0,0,1.0,0,0,1
935,2,30.0,2,0,1919.0,2,3,4.0,0,0,3.0,3,30.0,2,0,2.0,2,1.0,0,0,0
936,3,9.0,0,0,745.0,0,0,3.0,1,0,2.0,1,28.0,0,0,1.0,1,1.0,0,0,0
937,2,6.0,0,0,2063.0,0,3,4.0,2,0,3.0,0,30.0,0,1,1.0,2,1.0,1,0,1
938,2,60.0,0,5,6288.0,0,0,4.0,0,0,4.0,3,42.0,0,2,1.0,0,1.0,0,0,0
939,0,24.0,1,3,6842.0,1,0,2.0,0,0,4.0,2,46.0,0,0,2.0,2,2.0,1,0,1
940,0,12.0,0,1,3527.0,1,3,2.0,0,0,3.0,2,45.0,0,0,1.0,2,2.0,1,0,1
941,0,10.0,0,1,1546.0,0,0,3.0,0,0,2.0,1,31.0,0,0,1.0,1,2.0,0,1,1
942,0,24.0,0,2,929.0,1,2,4.0,0,0,2.0,0,31.0,2,0,1.0,0,1.0,1,0,1
943,0,4.0,1,1,1455.0,0,2,2.0,0,0,1.0,1,42.0,0,0,3.0,1,2.0,0,0,1
944,1,15.0,0,2,1845.0,0,3,4.0,1,1,1.0,2,46.0,0,1,1.0,0,1.0,0,0,1
945,2,48.0,4,1,8358.0,3,3,1.0,1,0,1.0,0,30.0,0,0,2.0,0,1.0,0,0,1
946,1,24.0,3,2,3349.0,3,3,4.0,0,0,4.0,3,30.0,0,2,1.0,0,2.0,1,0,0
947,0,12.0,0,1,2859.0,1,4,4.0,0,0,4.0,3,38.0,0,0,1.0,2,1.0,1,0,1
948,0,18.0,0,2,1533.0,0,3,4.0,2,2,1.0,2,43.0,0,0,1.0,1,2.0,0,0,0
949,0,24.0,0,0,3621.0,2,1,2.0,0,0,4.0,0,31.0,0,0,2.0,0,1.0,0,0,0
950,2,18.0,1,4,3590.0,0,4,3.0,2,0,3.0,0,40.0,0,0,3.0,3,2.0,1,0,1
951,1,36.0,2,4,2145.0,0,2,2.0,0,0,1.0,0,24.0,0,0,2.0,0,1.0,1,0,0
952,2,24.0,0,3,4113.0,3,3,3.0,1,0,4.0,0,28.0,0,1,1.0,0,1.0,0,0,0
953,0,36.0,0,2,10974.0,0,4,4.0,1,0,2.0,0,26.0,0,0,2.0,2,1.0,1,0,0
954,1,12.0,0,1,1893.0,0,0,4.0,1,1,4.0,2,29.0,0,0,1.0,0,1.0,1,0,1
955,1,24.0,1,0,1231.0,4,1,4.0,1,0,4.0,2,57.0,0,1,2.0,2,1.0,1,0,1
956,3,30.0,1,0,3656.0,1,1,4.0,0,0,4.0,2,49.0,2,0,2.0,1,1.0,0,0,1
957,2,9.0,1,0,1154.0,0,1,2.0,0,0,4.0,1,37.0,0,0,3.0,1,1.0,0,0,1
958,1,28.0,0,1,4006.0,0,0,3.0,0,0,2.0,0,45.0,0,0,1.0,1,1.0,0,0,0
959,2,24.0,0,2,3069.0,2,1,4.0,0,0,4.0,3,30.0,0,2,1.0,0,1.0,0,0,1
960,0,6.0,1,0,1740.0,0,1,2.0,2,0,2.0,1,30.0,0,1,2.0,0,1.0,0,0,1
961,2,21.0,2,1,2353.0,0,0,1.0,3,0,4.0,2,47.0,0,0,2.0,0,1.0,0,0,1
962,0,15.0,0,1,3556.0,1,0,3.0,0,0,2.0,3,29.0,0,0,1.0,0,1.0,0,0,1
963,0,24.0,0,0,2397.0,3,1,3.0,0,0,2.0,0,35.0,1,0,2.0,0,1.0,1,0,0
964,2,6.0,0,6,454.0,0,3,3.0,2,0,1.0,2,22.0,0,0,1.0,1,1.0,0,0,1
965,2,30.0,0,0,1715.0,1,0,4.0,1,0,1.0,0,26.0,0,0,1.0,0,1.0,0,0,1
966,2,27.0,1,0,2520.0,3,0,4.0,0,0,2.0,2,23.0,0,0,2.0,1,1.0,0,0,0
967,0,15.0,0,0,3568.0,0,1,4.0,1,0,2.0,0,54.0,1,1,1.0,2,1.0,1,0,1
968,0,42.0,0,0,7166.0,1,2,2.0,2,0,4.0,2,29.0,0,1,1.0,0,1.0,1,0,1
969,1,11.0,1,1,3939.0,0,0,1.0,0,0,2.0,1,40.0,0,0,2.0,1,2.0,0,0,1
970,2,15.0,0,6,1514.0,2,0,4.0,0,1,2.0,1,22.0,0,0,1.0,0,1.0,0,0,1
971,0,24.0,0,1,7393.0,0,0,1.0,0,0,4.0,2,43.0,0,0,1.0,1,2.0,0,0,1
972,1,24.0,3,1,1193.0,0,4,1.0,1,2,4.0,3,29.0,0,1,2.0,3,1.0,0,0,0
973,1,60.0,0,4,7297.0,0,1,4.0,0,2,4.0,3,36.0,0,1,1.0,0,1.0,0,0,0
974,0,30.0,1,0,2831.0,0,0,4.0,1,0,2.0,0,33.0,0,0,1.0,0,1.0,1,0,1
975,3,24.0,0,0,1258.0,3,0,3.0,1,0,3.0,0,57.0,0,0,1.0,1,1.0,0,0,1
976,2,6.0,0,0,753.0,0,0,2.0,1,1,3.0,1,64.0,0,0,1.0,0,1.0,0,0,1
977,2,18.0,2,4,2427.0,1,1,4.0,0,0,2.0,2,42.0,0,0,2.0,0,1.0,0,0,1
978,0,24.0,2,1,2538.0,0,1,4.0,0,0,4.0,0,47.0,0,0,2.0,1,2.0,0,0,0
979,2,15.0,3,1,1264.0,2,0,2.0,2,0,2.0,2,25.0,0,1,1.0,0,1.0,0,0,0
980,2,30.0,1,2,8386.0,0,2,2.0,0,0,2.0,2,49.0,0,0,1.0,0,1.0,0,0,0
981,0,48.0,0,4,4844.0,0,4,3.0,0,0,2.0,0,33.0,1,1,1.0,2,1.0,1,0,0
982,3,21.0,0,1,2923.0,2,0,1.0,1,0,1.0,0,28.0,1,0,1.0,2,1.0,1,0,1
983,1,36.0,0,3,8229.0,0,0,2.0,0,0,2.0,2,26.0,0,0,1.0,0,2.0,0,0,0
984,0,24.0,1,2,2028.0,0,2,2.0,0,0,2.0,2,30.0,0,0,2.0,1,1.0,0,0,1
985,1,15.0,1,2,1433.0,0,0,4.0,1,0,3.0,2,25.0,0,1,2.0,0,1.0,0,0,1
986,3,42.0,4,4,6289.0,0,3,2.0,3,0,1.0,2,33.0,0,0,2.0,0,1.0,0,0,1
987,0,13.0,0,0,1409.0,2,4,2.0,1,0,4.0,1,64.0,0,0,1.0,0,1.0,0,0,1
988,1,24.0,0,3,6579.0,0,4,4.0,0,0,2.0,3,29.0,0,2,1.0,2,1.0,1,0,1
989,2,24.0,1,0,1743.0,0,1,4.0,0,0,2.0,2,48.0,0,0,2.0,1,1.0,0,0,1
990,0,12.0,1,5,3565.0,1,3,2.0,0,0,1.0,2,37.0,0,0,2.0,1,2.0,0,0,1
991,0,15.0,3,0,1569.0,2,1,4.0,0,0,4.0,0,34.0,1,0,1.0,1,2.0,0,0,1
992,1,18.0,0,0,1936.0,1,2,2.0,2,0,4.0,0,23.0,0,1,2.0,1,1.0,0,0,1
993,1,36.0,0,2,3959.0,0,4,4.0,0,0,3.0,2,30.0,0,0,1.0,2,1.0,1,0,1
994,0,12.0,0,1,2390.0,1,1,4.0,0,0,3.0,0,50.0,0,0,1.0,0,1.0,1,0,1
995,0,12.0,0,2,1736.0,0,2,3.0,1,0,4.0,1,31.0,0,0,1.0,1,1.0,0,0,1
996,1,30.0,0,3,3857.0,0,0,4.0,3,0,4.0,2,40.0,0,0,1.0,2,1.0,1,0,1
997,0,12.0,0,0,804.0,0,1,4.0,0,0,4.0,0,38.0,0,0,1.0,0,1.0,0,0,1
998,1,45.0,0,0,1845.0,0,0,4.0,0,0,4.0,3,23.0,0,2,1.0,0,1.0,1,0,0
999,2,45.0,1,3,4576.0,2,4,3.0,0,0,4.0,0,27.0,0,0,1.0,0,1.0,0,0,1
